I0803 22:25:30.002237  2092856 cli.go:188] **************** gVisor ****************
I0803 22:25:30.002289  2092856 cli.go:189] Version release-20251118.0-5-g5401954d88bb, go1.24.1, amd64, 93 CPUs, linux, PID 2092856, PPID 2092603, UID 0, GID 0
I0803 22:25:30.002297  2092856 cli.go:191] Args: [/var/tmp/.modal-special/runsc-V2025_12_01WithXattrFixAndCgroupv2UnifiedUrpc-fcd63c7465a395c22a9c1e0f5feea50c78cc344866939eee729ad3aca050bd13 --root=/run/runsc/runsc-root-V2025_12_01WithXattrFixAndCgroupv2UnifiedUrpc -platform=systrap -directfs -cpu-num-from-quota -host-uds=all -control-rpc-stop-timeout=0 -overlay2=root:self -nvproxy -nvproxy-docker -nvproxy-allowed-driver-capabilities=all -net-disconnect-ok=true -restore-spec-validation=ignore -debug-log=/tmp/runsc-logs/ta-01KZ4VPRX9CYRZ3DHWY13ZBD6R-consolidated-log.txt -pod-init-config /tmp/.tmpD1RpF0/pod-init.json run -bundle /tmp/.tmpD1RpF0 ta-01KZ4VPRX9CYRZ3DHWY13ZBD6R]
I0803 22:25:30.002314  2092856 config.go:470] Platform: systrap
I0803 22:25:30.002319  2092856 config.go:471] RootDir: /run/runsc/runsc-root-V2025_12_01WithXattrFixAndCgroupv2UnifiedUrpc
I0803 22:25:30.002322  2092856 config.go:472] FileAccess: exclusive / Directfs: true / Overlay: root:self
I0803 22:25:30.002328  2092856 config.go:473] Network: sandbox
W0803 22:25:30.002332  2092856 config.go:478] --allow-suid is disabled, SUID/SGID bits on executables will be ignored.
I0803 22:25:30.002336  2092856 cli.go:200] **************** gVisor ****************
I0803 22:25:30.027695  2092856 namespace.go:198] Mapping host uid 0 to container uid 0 (size=1)
I0803 22:25:30.027846  2092856 namespace.go:198] Mapping host uid 100000 to container uid 1 (size=4294867295)
I0803 22:25:30.027852  2092856 namespace.go:206] Mapping host gid 0 to container gid 0 (size=1)
I0803 22:25:30.027857  2092856 namespace.go:206] Mapping host gid 100000 to container gid 1 (size=4294867295)
I0803 22:25:30.031327  2092856 container.go:1478] Gofer started, PID: 2092884
I0803 22:25:30.055404       1 cli.go:188] **************** gVisor ****************
I0803 22:25:30.055433       1 cli.go:189] Version release-20251118.0-5-g5401954d88bb, go1.24.1, amd64, 93 CPUs, linux, PID 1, PPID 0, UID 0, GID 0
I0803 22:25:30.055439       1 cli.go:191] Args: [runsc-gofer --nvproxy-docker=true --root=/run/runsc/runsc-root-V2025_12_01WithXattrFixAndCgroupv2UnifiedUrpc --directfs=true --nvproxy-allowed-driver-capabilities=all --net-disconnect-ok=true --restore-spec-validation=ignore --control-rpc-stop-timeout=0s --debug-log=/tmp/runsc-logs/ta-01KZ4VPRX9CYRZ3DHWY13ZBD6R-consolidated-log.txt --overlay2=root:self --host-uds=all --platform=systrap --cpu-num-from-quota=true --pod-init-config=/tmp/.tmpD1RpF0/pod-init.json --nvproxy=true --debug-log-fd=3 gofer --bundle /tmp/.tmpD1RpF0 --gofer-mount-confs=lisafs:self,lisafs:none,lisafs:none,lisafs:none,lisafs:none,lisafs:none,lisafs:none --spec-fd=4 --mounts-fd=5 --rpc-fd=6 --io-fds=7 --io-fds=8 --io-fds=9 --io-fds=10 --io-fds=11 --io-fds=12 --io-fds=13 --dev-io-fd=14 --sync-chroot-fd=15]
I0803 22:25:30.055455       1 config.go:470] Platform: systrap
I0803 22:25:30.055459       1 config.go:471] RootDir: /run/runsc/runsc-root-V2025_12_01WithXattrFixAndCgroupv2UnifiedUrpc
I0803 22:25:30.055463       1 config.go:472] FileAccess: exclusive / Directfs: true / Overlay: root:self
I0803 22:25:30.055469       1 config.go:473] Network: sandbox
W0803 22:25:30.055473       1 config.go:478] --allow-suid is disabled, SUID/SGID bits on executables will be ignored.
I0803 22:25:30.055477       1 cli.go:200] **************** gVisor ****************
I0803 22:25:30.394211  2092856 sandbox.go:967] Control socket path: "/run/runsc/runsc-root-V2025_12_01WithXattrFixAndCgroupv2UnifiedUrpc/runsc-ta-01KZ4VPRX9CYRZ3DHWY13ZBD6R.sock"
I0803 22:25:30.394255  2092856 sandbox.go:1018] Sandbox will be started in new mount, IPC and UTS namespaces
I0803 22:25:30.394277  2092856 sandbox.go:1038] Sandbox will be started in the container's network namespace: {Type:network Path:}
I0803 22:25:30.394300  2092856 sandbox.go:1060] Sandbox will be started in container's user namespace: {Type:user Path:}
I0803 22:25:30.394321  2092856 namespace.go:198] Mapping host uid 0 to container uid 0 (size=1)
I0803 22:25:30.394328  2092856 namespace.go:198] Mapping host uid 100000 to container uid 1 (size=4294867295)
I0803 22:25:30.394332  2092856 namespace.go:206] Mapping host gid 0 to container gid 0 (size=1)
I0803 22:25:30.394337  2092856 namespace.go:206] Mapping host gid 100000 to container gid 1 (size=4294867295)
I0803 22:25:30.394406  2092856 sandbox.go:1097] Sandbox will be started in minimal chroot
I0803 22:25:30.394721       1 gofer.go:551] Mounting src: "/opt/container-etc-resolv.conf", dst: "/proc/fs/root/etc/resolv.conf", flags: 0x500f
I0803 22:25:30.394880       1 gofer.go:551] Mounting src: "/tmp/task-data/ta-01KZ4VPRX9CYRZ3DHWY13ZBD6R/dynamic_mounts", dst: "/proc/fs/root/__modal/mounts", flags: 0x5006
I0803 22:25:30.395213       1 gofer.go:551] Mounting src: "/tmp/task-data/ta-01KZ4VPRX9CYRZ3DHWY13ZBD6R/task-startup-timingsag9i7G", dst: "/proc/fs/root/__modal/.task-startup", flags: 0x1007
I0803 22:25:30.395356       1 gofer.go:551] Mounting src: "/tmp/task-data/ta-01KZ4VPRX9CYRZ3DHWY13ZBD6R/container-argumentsgGZ7bP", dst: "/proc/fs/root/__modal/.container-arguments", flags: 0x1007
I0803 22:25:30.395531       1 gofer.go:551] Mounting src: "/run/modal-ta-01KZ4VPRX9CYRZ3DHWY13ZBD6R-3767844616.sock", dst: "/proc/fs/root/run/modal.sock", flags: 0x100e
I0803 22:25:30.395722       1 gofer.go:551] Mounting src: "/var/tmp/.modal-special/.debug_shell", dst: "/proc/fs/root/__modal/.debug_shell", flags: 0x1007
I0803 22:25:30.395904       1 gofer.go:507] Remounting root as readonly: "/proc/fs/root"
I0803 22:25:30.398289  2092856 sandbox.go:1323] Sandbox started, PID: 2092930
I0803 22:25:30.398697       1 capability.go:66] Capabilities applied: { effective="chown, dac_override, dac_read_search, fowner, fsetid, setgid, setuid, sys_chroot" permitted="chown, dac_override, dac_read_search, fowner, fsetid, setgid, setuid, sys_chroot" inheritable="chown, dac_override, dac_read_search, fowner, fsetid, sys_chroot" bounding="chown, dac_override, dac_read_search, fowner, fsetid, setgid, setuid, sys_chroot" }
I0803 22:25:30.398724       1 cmd.go:93] Execve "/proc/self/exe" again, bye!
I0803 22:25:30.416873       1 cli.go:188] **************** gVisor ****************
I0803 22:25:30.416900       1 cli.go:189] Version release-20251118.0-5-g5401954d88bb, go1.24.1, amd64, 93 CPUs, linux, PID 1, PPID 0, UID 0, GID 0
I0803 22:25:30.416907       1 cli.go:191] Args: [runsc-gofer --nvproxy-docker=true --root=/run/runsc/runsc-root-V2025_12_01WithXattrFixAndCgroupv2UnifiedUrpc --directfs=true --nvproxy-allowed-driver-capabilities=all --net-disconnect-ok=true --restore-spec-validation=ignore --control-rpc-stop-timeout=0s --debug-log=/tmp/runsc-logs/ta-01KZ4VPRX9CYRZ3DHWY13ZBD6R-consolidated-log.txt --overlay2=root:self --host-uds=all --platform=systrap --cpu-num-from-quota=true --pod-init-config=/tmp/.tmpD1RpF0/pod-init.json --nvproxy=true --debug-log-fd=3 gofer --bundle=/tmp/.tmpD1RpF0 --dev-io-fd=14 --gofer-mount-confs=lisafs:self,lisafs:none,lisafs:none,lisafs:none,lisafs:none,lisafs:none,lisafs:none --io-fds=7,8,9,10,11,12,13 --mounts-fd=5 --rpc-fd=6 --spec-fd=4 --sync-chroot-fd=-1 --sync-userns-fd=-1 --proc-mount-sync-fd=21 --apply-caps=false --setup-root=false]
I0803 22:25:30.416920       1 config.go:470] Platform: systrap
I0803 22:25:30.416924       1 config.go:471] RootDir: /run/runsc/runsc-root-V2025_12_01WithXattrFixAndCgroupv2UnifiedUrpc
I0803 22:25:30.416928       1 config.go:472] FileAccess: exclusive / Directfs: true / Overlay: root:self
I0803 22:25:30.416933       1 config.go:473] Network: sandbox
W0803 22:25:30.416937       1 config.go:478] --allow-suid is disabled, SUID/SGID bits on executables will be ignored.
I0803 22:25:30.416941       1 cli.go:200] **************** gVisor ****************
I0803 22:25:30.417169       1 cli.go:188] **************** gVisor ****************
I0803 22:25:30.417194       1 cli.go:189] Version release-20251118.0-5-g5401954d88bb, go1.24.1, amd64, 93 CPUs, linux, PID 1, PPID 0, UID 0, GID 0
I0803 22:25:30.417207       1 cli.go:191] Args: [runsc-sandbox --debug-log=/tmp/runsc-logs/ta-01KZ4VPRX9CYRZ3DHWY13ZBD6R-consolidated-log.txt --host-uds=all --platform=systrap --cpu-num-from-quota=true --pod-init-config=/tmp/.tmpD1RpF0/pod-init.json --nvproxy=true --restore-spec-validation=ignore --control-rpc-stop-timeout=0s --root=/run/runsc/runsc-root-V2025_12_01WithXattrFixAndCgroupv2UnifiedUrpc --overlay2=root:self --directfs=true --nvproxy-docker=true --nvproxy-allowed-driver-capabilities=all --net-disconnect-ok=true --debug-log-fd=3 boot --bundle=/tmp/.tmpD1RpF0 --gofer-mount-confs=lisafs:self,lisafs:none,lisafs:none,lisafs:none,lisafs:none,lisafs:none,lisafs:none --nvidia-driver-version=580.95.05 --apply-caps=true --setup-root --total-host-memory 1977856425984 --cpu-num 17 --total-memory 1099511627776 --attached --io-fds=4 --io-fds=5 --io-fds=6 --io-fds=7 --io-fds=8 --io-fds=9 --io-fds=10 --dev-io-fd=11 --gofer-filestore-fds=12 --mounts-fd=13 --start-sync-fd=14 --controller-fd=15 --spec-fd=16 --pod-init-config-fd=17 --sink-fds=18 --stdio-fds=19 --stdio-fds=20 --stdio-fds=21 ta-01KZ4VPRX9CYRZ3DHWY13ZBD6R]
I0803 22:25:30.417222       1 config.go:470] Platform: systrap
I0803 22:25:30.417226       1 config.go:471] RootDir: /run/runsc/runsc-root-V2025_12_01WithXattrFixAndCgroupv2UnifiedUrpc
I0803 22:25:30.417230       1 config.go:472] FileAccess: exclusive / Directfs: true / Overlay: root:self
I0803 22:25:30.417236       1 config.go:473] Network: sandbox
W0803 22:25:30.417240       1 config.go:478] --allow-suid is disabled, SUID/SGID bits on executables will be ignored.
I0803 22:25:30.417244       1 cli.go:200] **************** gVisor ****************
I0803 22:25:30.417753       1 boot.go:291] Setting product_name: "Google Compute Engine"
I0803 22:25:30.417787       1 boot.go:302] Setting host-thp-shmem-enabled: "always"
I0803 22:25:30.417806       1 boot.go:312] Setting host-thp-defrag: "madvise"
I0803 22:25:30.419227       1 gofer.go:280] Process chroot'd to "/root"
I0803 22:25:30.419317       1 chroot.go:162] Setting up sandbox chroot in "/tmp"
W0803 22:25:30.419351       1 filter.go:73] *** SECCOMP WARNING: host UDS enabled: syscall filters less restrictive!
I0803 22:25:30.419383       1 seccomp.go:61] Installing seccomp filters for 57 syscalls (action=kill process)
I0803 22:25:30.420714       1 chroot.go:37] Mounting "proc" at "/tmp/proc/sandbox-proc"
I0803 22:25:30.422912       1 capability.go:66] Capabilities applied: { effective="chown, dac_override, dac_read_search, fowner, fsetid, sys_ptrace" permitted="chown, dac_override, dac_read_search, fowner, fsetid, sys_ptrace" inheritable="empty" bounding="chown, dac_override, dac_read_search, fowner, fsetid, sys_ptrace" }
I0803 22:25:30.422946       1 cmd.go:93] Execve "/proc/self/exe" again, bye!
I0803 22:25:30.423261       1 seccomp.go:89] Seccomp filters installed.
I0803 22:25:30.423295       1 gofer.go:339] Serving "/" mapped to "/root" on FD 7 (ro: true)
I0803 22:25:30.423307       1 gofer.go:368] Serving "/etc/resolv.conf" mapped on FD 8 (ro: true)
I0803 22:25:30.423318       1 gofer.go:368] Serving "/__modal/mounts" mapped on FD 9 (ro: false)
I0803 22:25:30.423326       1 gofer.go:368] Serving "/__modal/.task-startup" mapped on FD 10 (ro: true)
I0803 22:25:30.423332       1 gofer.go:368] Serving "/__modal/.container-arguments" mapped on FD 11 (ro: true)
I0803 22:25:30.423339       1 gofer.go:368] Serving "/run/modal.sock" mapped on FD 12 (ro: false)
I0803 22:25:30.423345       1 gofer.go:368] Serving "/__modal/.debug_shell" mapped on FD 13 (ro: true)
I0803 22:25:30.423352       1 gofer.go:380] Serving /dev mapped on FD 14 (ro: false)
I0803 22:25:30.445284       1 cli.go:188] **************** gVisor ****************
I0803 22:25:30.445314       1 cli.go:189] Version release-20251118.0-5-g5401954d88bb, go1.24.1, amd64, 93 CPUs, linux, PID 1, PPID 0, UID 0, GID 0
I0803 22:25:30.445320       1 cli.go:191] Args: [runsc-sandbox --debug-log=/tmp/runsc-logs/ta-01KZ4VPRX9CYRZ3DHWY13ZBD6R-consolidated-log.txt --host-uds=all --platform=systrap --cpu-num-from-quota=true --pod-init-config=/tmp/.tmpD1RpF0/pod-init.json --nvproxy=true --restore-spec-validation=ignore --control-rpc-stop-timeout=0s --root=/run/runsc/runsc-root-V2025_12_01WithXattrFixAndCgroupv2UnifiedUrpc --overlay2=root:self --directfs=true --nvproxy-docker=true --nvproxy-allowed-driver-capabilities=all --net-disconnect-ok=true --debug-log-fd=3 boot --apply-caps=false --attached=true --bundle=/tmp/.tmpD1RpF0 --controller-fd=15 --cpu-num=17 --dev-io-fd=11 --gofer-filestore-fds=12 --gofer-mount-confs=lisafs:self,lisafs:none,lisafs:none,lisafs:none,lisafs:none,lisafs:none,lisafs:none --io-fds=4,5,6,7,8,9,10 --mounts-fd=13 --nvidia-driver-version=580.95.05 --pod-init-config-fd=17 --setup-root=false --sink-fds=18 --spec-fd=16 --start-sync-fd=14 --stdio-fds=19,20,21 --total-host-memory=1977856425984 --total-memory=1099511627776 --product-name=Google Compute Engine --host-thp-shmem-enabled=always --host-thp-defrag=madvise --proc-mount-sync-fd=27 ta-01KZ4VPRX9CYRZ3DHWY13ZBD6R]
I0803 22:25:30.445346       1 config.go:470] Platform: systrap
I0803 22:25:30.445350       1 config.go:471] RootDir: /run/runsc/runsc-root-V2025_12_01WithXattrFixAndCgroupv2UnifiedUrpc
I0803 22:25:30.445354       1 config.go:472] FileAccess: exclusive / Directfs: true / Overlay: root:self
I0803 22:25:30.445360       1 config.go:473] Network: sandbox
W0803 22:25:30.445365       1 config.go:478] --allow-suid is disabled, SUID/SGID bits on executables will be ignored.
I0803 22:25:30.445368       1 cli.go:200] **************** gVisor ****************
I0803 22:25:30.449937       1 loader.go:507] CPUs: 17
I0803 22:25:30.459090       1 loader.go:880] Platform: systrap
I0803 22:25:30.463443       1 loader.go:930] Enabling application huge pages: host shmem_enabled is "always"
I0803 22:25:30.463906       1 loader.go:636] Setting total memory to 1024.00 GB
I0803 22:25:30.464055       1 nvproxy.go:43] NVIDIA driver version: 580.95.05
I0803 22:25:30.464202       1 loader.go:703] Packet logging disabled
I0803 22:25:30.464215       1 watchdog.go:176] Watchdog waiting 30s for startup
I0803 22:25:30.541843  2092856 hook.go:77] Skipping nvidia-container-runtime-hook
I0803 22:25:30.542002  2092856 hostsettings.go:326] Host setting "/sys/kernel/mm/transparent_hugepage/shmem_enabled" is optimal
I0803 22:25:30.542099  2092856 hostsettings.go:326] Host setting "/proc/sys/user/max_user_namespaces" is optimal
I0803 22:25:30.542117  2092856 hostsettings.go:326] Host setting "/proc/sys/kernel/unprivileged_userns_clone" is optimal
I0803 22:25:30.542124  2092856 hostsettings.go:326] Host setting "/proc/sys/kernel/unprivileged_userns_apparmor_policy" is optimal
W0803 22:25:30.542131  2092856 hostsettings.go:46] Host setting "/sys/kernel/mm/transparent_hugepage/defrag" (currently: "always defer defer+madvise [madvise] never") is not optimal (disabling direct compaction improves page fault latency when hugepages are not immediately available); it is recommended to change it to "never"
W0803 22:25:30.542140  2092856 hostsettings.go:46] Host setting "/proc/sys/vm/max_map_count" (currently: "1048480") is not optimal (increasing max_map_count decreases the likelihood of host VMA exhaustion); it is recommended to change it to "4194304"
I0803 22:25:30.542191  2092856 network.go:56] Setting up network
I0803 22:25:30.542198  2092856 namespace.go:108] Applying namespace network at path "/proc/2092930/ns/net"
I0803 22:25:30.543417       1 network.go:304] Enabling loopback interface "lo" with id 1 on addresses [127.0.0.1/8]
I0803 22:25:30.543569       1 network.go:358] gso max size is: 65536
I0803 22:25:30.543804       1 network.go:398] Enabling FIFO QDisc on "eth0"
I0803 22:25:30.543914       1 network.go:402] Enabling interface "eth0" with id 2 on addresses [172.20.3.7/16] (46:a0:93:f0:6c:4a) w/ 1 channels
I0803 22:25:30.543995       1 network.go:544] Setting routes [127.0.0.0/8 nic 1 172.20.0.0/16 nic 2 0.0.0.0/0 via 172.20.0.1 nic 2]
I0803 22:25:30.544094  2092856 namespace.go:129] Restoring namespace network
W0803 22:25:30.545745       1 filter.go:40] *** SECCOMP WARNING: host filesystem enabled: syscall filters less restrictive!
W0803 22:25:30.545764       1 filter.go:40] *** SECCOMP WARNING: Nvidia GPU driver proxy enabled: syscall filters less restrictive!
I0803 22:25:30.546977       1 vfs.go:1180] created cgroup mounts for controllers [cpu cpuacct cpuset devices job memory pids]
I0803 22:25:30.547056       1 vfs.go:454] Configuring container's file system
I0803 22:25:30.547080       1 vfs.go:542] Mounting root with 9p, ioFD: 4
I0803 22:25:30.547086       1 vfs.go:545] Adding overlay on top of root
W0803 22:25:30.548206       1 vfs.go:1029] ignoring unknown mount option "strictatime"
W0803 22:25:30.548217       1 vfs.go:1029] ignoring unknown mount option "mode=755"
W0803 22:25:30.548221       1 vfs.go:1029] ignoring unknown mount option "size=65536k"
I0803 22:25:30.548306       1 vfs.go:913] Mounted "/tmp/.tmpD1RpF0/tmpfs" to "/dev" type: dev, internal-options: ""
W0803 22:25:30.548315       1 vfs.go:1029] ignoring unknown mount option "nodev"
I0803 22:25:30.548524       1 vfs.go:913] Mounted "/tmp/.tmpD1RpF0/sysfs" to "/sys" type: sysfs, internal-options: ""
I0803 22:25:30.549121       1 vfs.go:913] Mounted "/tmp/.tmpD1RpF0/proc" to "/proc" type: proc, internal-options: ""
W0803 22:25:30.549130       1 vfs.go:1029] ignoring unknown mount option "newinstance"
W0803 22:25:30.549134       1 vfs.go:1029] ignoring unknown mount option "ptmxmode=0666"
W0803 22:25:30.549137       1 vfs.go:1029] ignoring unknown mount option "mode=0620"
I0803 22:25:30.549155       1 vfs.go:913] Mounted "/tmp/.tmpD1RpF0/devpts" to "/dev/pts" type: devpts, internal-options: ""
W0803 22:25:30.549162       1 vfs.go:1029] ignoring unknown mount option "nodev"
I0803 22:25:30.549170       1 vfs.go:913] Mounted "/tmp/.tmpD1RpF0/shm" to "/dev/shm" type: tmpfs, internal-options: "mode=1777,size=10485760M"
W0803 22:25:30.549175       1 vfs.go:992] ignoring unknown filesystem type "mqueue"
W0803 22:25:30.549182       1 vfs.go:1029] ignoring unknown mount option "nodev"
W0803 22:25:30.549185       1 vfs.go:1029] ignoring unknown mount option "relatime"
I0803 22:25:30.549200       1 vfs.go:913] Mounted "/tmp/.tmpD1RpF0/cgroup" to "/sys/fs/cgroup" type: tmpfs, internal-options: ""
W0803 22:25:30.549328       1 vfs.go:1029] ignoring unknown mount option "nodev"
W0803 22:25:30.549332       1 vfs.go:1029] ignoring unknown mount option "rslave"
I0803 22:25:30.549479       1 vfs.go:913] Mounted "/tmp/task-data/ta-01KZ4VPRX9CYRZ3DHWY13ZBD6R/dynamic_mounts" to "/__modal/mounts" type: bind, internal-options: "trans=fd,rfdno=6,wfdno=6,cache=remote_revalidating,directfs,disable_fifo_open"
W0803 22:25:30.549488       1 vfs.go:1029] ignoring unknown mount option "nodev"
W0803 22:25:30.549492       1 vfs.go:1029] ignoring unknown mount option "private"
I0803 22:25:30.549613       1 vfs.go:913] Mounted "/run/modal-ta-01KZ4VPRX9CYRZ3DHWY13ZBD6R-3767844616.sock" to "/run/modal.sock" type: bind, internal-options: "trans=fd,rfdno=9,wfdno=9,cache=remote_revalidating,directfs,disable_fifo_open"
W0803 22:25:30.549621       1 vfs.go:1029] ignoring unknown mount option "rprivate"
W0803 22:25:30.549624       1 vfs.go:1029] ignoring unknown mount option "nodev"
I0803 22:25:30.549720       1 vfs.go:913] Mounted "/opt/container-etc-resolv.conf" to "/etc/resolv.conf" type: bind, internal-options: "trans=fd,rfdno=5,wfdno=5,cache=remote_revalidating,directfs,disable_fifo_open"
W0803 22:25:30.549731       1 vfs.go:1029] ignoring unknown mount option "nodev"
W0803 22:25:30.549734       1 vfs.go:1029] ignoring unknown mount option "private"
I0803 22:25:30.549876       1 vfs.go:913] Mounted "/var/tmp/.modal-special/.debug_shell" to "/__modal/.debug_shell" type: bind, internal-options: "trans=fd,rfdno=10,wfdno=10,cache=remote_revalidating,directfs,disable_fifo_open"
W0803 22:25:30.549884       1 vfs.go:1029] ignoring unknown mount option "nodev"
W0803 22:25:30.549892       1 vfs.go:1029] ignoring unknown mount option "private"
I0803 22:25:30.550014       1 vfs.go:913] Mounted "/tmp/task-data/ta-01KZ4VPRX9CYRZ3DHWY13ZBD6R/task-startup-timingsag9i7G" to "/__modal/.task-startup" type: bind, internal-options: "trans=fd,rfdno=7,wfdno=7,cache=remote_revalidating,directfs,disable_fifo_open"
W0803 22:25:30.550027       1 vfs.go:1029] ignoring unknown mount option "nodev"
I0803 22:25:30.550038       1 vfs.go:913] Mounted "" to "/sys/devices/virtual/dmi" type: tmpfs, internal-options: "size=1k"
W0803 22:25:30.550044       1 vfs.go:1029] ignoring unknown mount option "nodev"
W0803 22:25:30.550047       1 vfs.go:1029] ignoring unknown mount option "private"
I0803 22:25:30.550147       1 vfs.go:913] Mounted "/tmp/task-data/ta-01KZ4VPRX9CYRZ3DHWY13ZBD6R/container-argumentsgGZ7bP" to "/__modal/.container-arguments" type: bind, internal-options: "trans=fd,rfdno=8,wfdno=8,cache=remote_revalidating,directfs,disable_fifo_open"
I0803 22:25:30.550406       1 vfs.go:1102] Skipping internal tmpfs mount for "/tmp" because it's not empty
I0803 22:25:30.550843       1 kernel.go:1130] EXEC: []string{"/bin/dumb-init", "--", "python", "-u", "-R", "--check-hash-based-pycs", "never", "-m", "modal._container_entrypoint"}
I0803 22:25:30.551884       1 loader.go:1105] Process should have started...
I0803 22:25:30.551909       1 watchdog.go:199] Starting watchdog, period: 45s, timeout: 3m0s, action: logWarning
I0803 22:25:30.562450       1 compat.go:120] Unsupported syscall rseq(0x2aee7f1e34a0,0x20,0x0,0x53053053,0x0,0x0). It is likely that you can safely ignore this message and that this is not the cause of any error. Please, refer to https://gvisor.dev/c/linux/amd64/rseq for more information.
I0803 22:25:31.463720       1 calibrated_clock.go:74] CalibratedClock(Monotonic): ready
I0803 22:25:31.463760       1 calibrated_clock.go:74] CalibratedClock(Realtime): ready
W0803 22:25:34.629638       1 frontend.go:76] [   2:   2] nvproxy: failed to open nvidia0: no such file or directory
W0803 22:25:34.629695       1 frontend.go:76] [   2:   2] nvproxy: failed to open nvidia0: no such file or directory
W0803 22:25:34.629911       1 frontend.go:76] [   2:   2] nvproxy: failed to open nvidia2: no such file or directory
W0803 22:25:34.629935       1 frontend.go:76] [   2:   2] nvproxy: failed to open nvidia2: no such file or directory
W0803 22:25:34.630027       1 frontend.go:76] [   2:   2] nvproxy: failed to open nvidia3: no such file or directory
W0803 22:25:34.630053       1 frontend.go:76] [   2:   2] nvproxy: failed to open nvidia3: no such file or directory
W0803 22:25:34.630184       1 frontend.go:76] [   2:   2] nvproxy: failed to open nvidia4: no such file or directory
W0803 22:25:34.630213       1 frontend.go:76] [   2:   2] nvproxy: failed to open nvidia4: no such file or directory
W0803 22:25:34.630306       1 frontend.go:76] [   2:   2] nvproxy: failed to open nvidia5: no such file or directory
W0803 22:25:34.630334       1 frontend.go:76] [   2:   2] nvproxy: failed to open nvidia5: no such file or directory
W0803 22:25:34.630456       1 frontend.go:76] [   2:   2] nvproxy: failed to open nvidia6: no such file or directory
W0803 22:25:34.630478       1 frontend.go:76] [   2:   2] nvproxy: failed to open nvidia6: no such file or directory
W0803 22:25:34.630556       1 frontend.go:76] [   2:   2] nvproxy: failed to open nvidia7: no such file or directory
W0803 22:25:34.630564       1 frontend.go:76] [   2:   2] nvproxy: failed to open nvidia7: no such file or directory
I0803 22:25:34.630905       1 object.go:260] [   2:   2] nvproxy: freeing object with unknown handle 0xc1d18bfb:0x5c000002
W0803 22:25:34.630996       1 frontend.go:76] [   2:   2] nvproxy: failed to open nvidia0: no such file or directory
W0803 22:25:34.631009       1 frontend.go:76] [   2:   2] nvproxy: failed to open nvidia0: no such file or directory
I0803 22:25:34.631039       1 object.go:260] [   2:   2] nvproxy: freeing object with unknown handle 0xc1d18bfb:0x5c000003
I0803 22:25:34.654757       1 object.go:260] [   2:   2] nvproxy: freeing object with unknown handle 0xc1d18bfb:0x5c00000c
W0803 22:25:34.654891       1 frontend.go:76] [   2:   2] nvproxy: failed to open nvidia2: no such file or directory
W0803 22:25:34.654904       1 frontend.go:76] [   2:   2] nvproxy: failed to open nvidia2: no such file or directory
I0803 22:25:34.654951       1 object.go:260] [   2:   2] nvproxy: freeing object with unknown handle 0xc1d18bfb:0x5c00000d
W0803 22:25:34.655037       1 frontend.go:76] [   2:   2] nvproxy: failed to open nvidia3: no such file or directory
W0803 22:25:34.655047       1 frontend.go:76] [   2:   2] nvproxy: failed to open nvidia3: no such file or directory
I0803 22:25:34.655089       1 object.go:260] [   2:   2] nvproxy: freeing object with unknown handle 0xc1d18bfb:0x5c00000e
W0803 22:25:34.655187       1 frontend.go:76] [   2:   2] nvproxy: failed to open nvidia4: no such file or directory
W0803 22:25:34.655202       1 frontend.go:76] [   2:   2] nvproxy: failed to open nvidia4: no such file or directory
I0803 22:25:34.655229       1 object.go:260] [   2:   2] nvproxy: freeing object with unknown handle 0xc1d18bfb:0x5c00000f
W0803 22:25:34.655330       1 frontend.go:76] [   2:   2] nvproxy: failed to open nvidia5: no such file or directory
W0803 22:25:34.655338       1 frontend.go:76] [   2:   2] nvproxy: failed to open nvidia5: no such file or directory
I0803 22:25:34.655370       1 object.go:260] [   2:   2] nvproxy: freeing object with unknown handle 0xc1d18bfb:0x5c000010
W0803 22:25:34.655482       1 frontend.go:76] [   2:   2] nvproxy: failed to open nvidia6: no such file or directory
W0803 22:25:34.655492       1 frontend.go:76] [   2:   2] nvproxy: failed to open nvidia6: no such file or directory
I0803 22:25:34.655523       1 object.go:260] [   2:   2] nvproxy: freeing object with unknown handle 0xc1d18bfb:0x5c000011
W0803 22:25:34.655641       1 frontend.go:76] [   2:   2] nvproxy: failed to open nvidia7: no such file or directory
W0803 22:25:34.655650       1 frontend.go:76] [   2:   2] nvproxy: failed to open nvidia7: no such file or directory
W0803 22:25:38.433922       1 frontend.go:76] [  12:  12] nvproxy: failed to open nvidia0: no such file or directory
W0803 22:25:38.433988       1 frontend.go:76] [  12:  12] nvproxy: failed to open nvidia0: no such file or directory
W0803 22:25:38.434087       1 frontend.go:76] [  13:  13] nvproxy: failed to open nvidia0: no such file or directory
W0803 22:25:38.434137       1 frontend.go:76] [  13:  13] nvproxy: failed to open nvidia0: no such file or directory
W0803 22:25:38.434184       1 frontend.go:76] [  14:  14] nvproxy: failed to open nvidia0: no such file or directory
W0803 22:25:38.434234       1 frontend.go:76] [  14:  14] nvproxy: failed to open nvidia0: no such file or directory
W0803 22:25:38.434494       1 frontend.go:76] [  12:  12] nvproxy: failed to open nvidia2: no such file or directory
W0803 22:25:38.434524       1 frontend.go:76] [  12:  12] nvproxy: failed to open nvidia2: no such file or directory
W0803 22:25:38.434557       1 frontend.go:76] [  13:  13] nvproxy: failed to open nvidia2: no such file or directory
W0803 22:25:38.434592       1 frontend.go:76] [  13:  13] nvproxy: failed to open nvidia2: no such file or directory
W0803 22:25:38.434676       1 frontend.go:76] [  12:  12] nvproxy: failed to open nvidia3: no such file or directory
W0803 22:25:38.434696       1 frontend.go:76] [  12:  12] nvproxy: failed to open nvidia3: no such file or directory
W0803 22:25:38.434776       1 frontend.go:76] [  14:  14] nvproxy: failed to open nvidia2: no such file or directory
W0803 22:25:38.434812       1 frontend.go:76] [  14:  14] nvproxy: failed to open nvidia2: no such file or directory
W0803 22:25:38.434872       1 frontend.go:76] [  13:  13] nvproxy: failed to open nvidia3: no such file or directory
W0803 22:25:38.434904       1 frontend.go:76] [  12:  12] nvproxy: failed to open nvidia4: no such file or directory
W0803 22:25:38.434928       1 frontend.go:76] [  12:  12] nvproxy: failed to open nvidia4: no such file or directory
W0803 22:25:38.434933       1 frontend.go:76] [  13:  13] nvproxy: failed to open nvidia3: no such file or directory
W0803 22:25:38.435029       1 frontend.go:76] [  14:  14] nvproxy: failed to open nvidia3: no such file or directory
W0803 22:25:38.435048       1 frontend.go:76] [  12:  12] nvproxy: failed to open nvidia5: no such file or directory
W0803 22:25:38.435061       1 frontend.go:76] [  14:  14] nvproxy: failed to open nvidia3: no such file or directory
W0803 22:25:38.435081       1 frontend.go:76] [  12:  12] nvproxy: failed to open nvidia5: no such file or directory
W0803 22:25:38.435152       1 frontend.go:76] [  13:  13] nvproxy: failed to open nvidia4: no such file or directory
W0803 22:25:38.435178       1 frontend.go:76] [  13:  13] nvproxy: failed to open nvidia4: no such file or directory
W0803 22:25:38.435251       1 frontend.go:76] [  12:  12] nvproxy: failed to open nvidia6: no such file or directory
W0803 22:25:38.435263       1 frontend.go:76] [  12:  12] nvproxy: failed to open nvidia6: no such file or directory
W0803 22:25:38.435371       1 frontend.go:76] [  14:  14] nvproxy: failed to open nvidia4: no such file or directory
W0803 22:25:38.435381       1 frontend.go:76] [  13:  13] nvproxy: failed to open nvidia5: no such file or directory
W0803 22:25:38.435394       1 frontend.go:76] [  14:  14] nvproxy: failed to open nvidia4: no such file or directory
W0803 22:25:38.435418       1 frontend.go:76] [  13:  13] nvproxy: failed to open nvidia5: no such file or directory
W0803 22:25:38.435467       1 frontend.go:76] [  12:  12] nvproxy: failed to open nvidia7: no such file or directory
W0803 22:25:38.435477       1 frontend.go:76] [  12:  12] nvproxy: failed to open nvidia7: no such file or directory
I0803 22:25:38.435636       1 object.go:260] [  12:  12] nvproxy: freeing object with unknown handle 0xc1d18c10:0x5c000002
W0803 22:25:38.435678       1 frontend.go:76] [  13:  13] nvproxy: failed to open nvidia6: no such file or directory
W0803 22:25:38.435750       1 frontend.go:76] [  14:  14] nvproxy: failed to open nvidia5: no such file or directory
W0803 22:25:38.435751       1 frontend.go:76] [  13:  13] nvproxy: failed to open nvidia6: no such file or directory
W0803 22:25:38.435802       1 frontend.go:76] [  14:  14] nvproxy: failed to open nvidia5: no such file or directory
W0803 22:25:38.435938       1 frontend.go:76] [  12:  12] nvproxy: failed to open nvidia0: no such file or directory
W0803 22:25:38.435962       1 frontend.go:76] [  12:  12] nvproxy: failed to open nvidia0: no such file or directory
I0803 22:25:38.436019       1 object.go:260] [  12:  12] nvproxy: freeing object with unknown handle 0xc1d18c10:0x5c000003
W0803 22:25:38.436029       1 frontend.go:76] [  13:  13] nvproxy: failed to open nvidia7: no such file or directory
W0803 22:25:38.436072       1 frontend.go:76] [  13:  13] nvproxy: failed to open nvidia7: no such file or directory
W0803 22:25:38.436097       1 frontend.go:76] [  14:  14] nvproxy: failed to open nvidia6: no such file or directory
W0803 22:25:38.436168       1 frontend.go:76] [  14:  14] nvproxy: failed to open nvidia6: no such file or directory
I0803 22:25:38.436275       1 object.go:260] [  13:  13] nvproxy: freeing object with unknown handle 0xc1d18c11:0x5c000002
W0803 22:25:38.436390       1 frontend.go:76] [  14:  14] nvproxy: failed to open nvidia7: no such file or directory
W0803 22:25:38.436425       1 frontend.go:76] [  14:  14] nvproxy: failed to open nvidia7: no such file or directory
W0803 22:25:38.436639       1 frontend.go:76] [  13:  13] nvproxy: failed to open nvidia0: no such file or directory
W0803 22:25:38.436655       1 frontend.go:76] [  13:  13] nvproxy: failed to open nvidia0: no such file or directory
I0803 22:25:38.437128       1 object.go:260] [  14:  14] nvproxy: freeing object with unknown handle 0xc1d18c12:0x5c000002
I0803 22:25:38.437147       1 object.go:260] [  13:  13] nvproxy: freeing object with unknown handle 0xc1d18c11:0x5c000003
W0803 22:25:38.437363       1 frontend.go:76] [  14:  14] nvproxy: failed to open nvidia0: no such file or directory
W0803 22:25:38.437381       1 frontend.go:76] [  14:  14] nvproxy: failed to open nvidia0: no such file or directory
I0803 22:25:38.437969       1 object.go:260] [  14:  14] nvproxy: freeing object with unknown handle 0xc1d18c12:0x5c000003
I0803 22:25:38.464500       1 object.go:260] [  12:  12] nvproxy: freeing object with unknown handle 0xc1d18c10:0x5c00000c
I0803 22:25:38.466629       1 object.go:260] [  13:  13] nvproxy: freeing object with unknown handle 0xc1d18c11:0x5c00000c
W0803 22:25:38.466950       1 frontend.go:76] [  12:  12] nvproxy: failed to open nvidia2: no such file or directory
W0803 22:25:38.466997       1 frontend.go:76] [  12:  12] nvproxy: failed to open nvidia2: no such file or directory
I0803 22:25:38.468465       1 object.go:260] [  12:  12] nvproxy: freeing object with unknown handle 0xc1d18c10:0x5c00000d
W0803 22:25:38.468603       1 frontend.go:76] [  13:  13] nvproxy: failed to open nvidia2: no such file or directory
W0803 22:25:38.468629       1 frontend.go:76] [  13:  13] nvproxy: failed to open nvidia2: no such file or directory
I0803 22:25:38.468730       1 object.go:260] [  13:  13] nvproxy: freeing object with unknown handle 0xc1d18c11:0x5c00000d
W0803 22:25:38.468818       1 frontend.go:76] [  12:  12] nvproxy: failed to open nvidia3: no such file or directory
W0803 22:25:38.468851       1 frontend.go:76] [  12:  12] nvproxy: failed to open nvidia3: no such file or directory
I0803 22:25:38.468864       1 object.go:260] [  14:  14] nvproxy: freeing object with unknown handle 0xc1d18c12:0x5c00000c
I0803 22:25:38.469012       1 object.go:260] [  12:  12] nvproxy: freeing object with unknown handle 0xc1d18c10:0x5c00000e
W0803 22:25:38.469196       1 frontend.go:76] [  13:  13] nvproxy: failed to open nvidia3: no such file or directory
W0803 22:25:38.469220       1 frontend.go:76] [  13:  13] nvproxy: failed to open nvidia3: no such file or directory
I0803 22:25:38.469295       1 object.go:260] [  13:  13] nvproxy: freeing object with unknown handle 0xc1d18c11:0x5c00000e
W0803 22:25:38.469501       1 frontend.go:76] [  12:  12] nvproxy: failed to open nvidia4: no such file or directory
W0803 22:25:38.469543       1 frontend.go:76] [  12:  12] nvproxy: failed to open nvidia4: no such file or directory
W0803 22:25:38.469544       1 frontend.go:76] [  14:  14] nvproxy: failed to open nvidia2: no such file or directory
W0803 22:25:38.469598       1 frontend.go:76] [  14:  14] nvproxy: failed to open nvidia2: no such file or directory
I0803 22:25:38.469607       1 object.go:260] [  12:  12] nvproxy: freeing object with unknown handle 0xc1d18c10:0x5c00000f
I0803 22:25:38.469774       1 object.go:260] [  14:  14] nvproxy: freeing object with unknown handle 0xc1d18c12:0x5c00000d
W0803 22:25:38.469845       1 frontend.go:76] [  13:  13] nvproxy: failed to open nvidia4: no such file or directory
W0803 22:25:38.469886       1 frontend.go:76] [  13:  13] nvproxy: failed to open nvidia4: no such file or directory
I0803 22:25:38.469991       1 object.go:260] [  13:  13] nvproxy: freeing object with unknown handle 0xc1d18c11:0x5c00000f
W0803 22:25:38.470099       1 frontend.go:76] [  12:  12] nvproxy: failed to open nvidia5: no such file or directory
W0803 22:25:38.470168       1 frontend.go:76] [  12:  12] nvproxy: failed to open nvidia5: no such file or directory
I0803 22:25:38.470290       1 object.go:260] [  12:  12] nvproxy: freeing object with unknown handle 0xc1d18c10:0x5c000010
W0803 22:25:38.470322       1 frontend.go:76] [  14:  14] nvproxy: failed to open nvidia3: no such file or directory
W0803 22:25:38.470389       1 frontend.go:76] [  14:  14] nvproxy: failed to open nvidia3: no such file or directory
I0803 22:25:38.470559       1 object.go:260] [  14:  14] nvproxy: freeing object with unknown handle 0xc1d18c12:0x5c00000e
W0803 22:25:38.470596       1 frontend.go:76] [  13:  13] nvproxy: failed to open nvidia5: no such file or directory
W0803 22:25:38.470650       1 frontend.go:76] [  13:  13] nvproxy: failed to open nvidia5: no such file or directory
I0803 22:25:38.470736       1 object.go:260] [  13:  13] nvproxy: freeing object with unknown handle 0xc1d18c11:0x5c000010
W0803 22:25:38.470815       1 frontend.go:76] [  12:  12] nvproxy: failed to open nvidia6: no such file or directory
W0803 22:25:38.470838       1 frontend.go:76] [  12:  12] nvproxy: failed to open nvidia6: no such file or directory
I0803 22:25:38.470928       1 object.go:260] [  12:  12] nvproxy: freeing object with unknown handle 0xc1d18c10:0x5c000011
W0803 22:25:38.470966       1 frontend.go:76] [  14:  14] nvproxy: failed to open nvidia4: no such file or directory
W0803 22:25:38.470978       1 frontend.go:76] [  14:  14] nvproxy: failed to open nvidia4: no such file or directory
W0803 22:25:38.471003       1 frontend.go:76] [  13:  13] nvproxy: failed to open nvidia6: no such file or directory
W0803 22:25:38.471014       1 frontend.go:76] [  13:  13] nvproxy: failed to open nvidia6: no such file or directory
I0803 22:25:38.471049       1 object.go:260] [  14:  14] nvproxy: freeing object with unknown handle 0xc1d18c12:0x5c00000f
I0803 22:25:38.471106       1 object.go:260] [  13:  13] nvproxy: freeing object with unknown handle 0xc1d18c11:0x5c000011
W0803 22:25:38.471308       1 frontend.go:76] [  14:  14] nvproxy: failed to open nvidia5: no such file or directory
W0803 22:25:38.471317       1 frontend.go:76] [  12:  12] nvproxy: failed to open nvidia7: no such file or directory
W0803 22:25:38.471326       1 frontend.go:76] [  14:  14] nvproxy: failed to open nvidia5: no such file or directory
W0803 22:25:38.471346       1 frontend.go:76] [  12:  12] nvproxy: failed to open nvidia7: no such file or directory
W0803 22:25:38.471471       1 frontend.go:76] [  13:  13] nvproxy: failed to open nvidia7: no such file or directory
I0803 22:25:38.471477       1 object.go:260] [  14:  14] nvproxy: freeing object with unknown handle 0xc1d18c12:0x5c000010
W0803 22:25:38.471530       1 frontend.go:76] [  13:  13] nvproxy: failed to open nvidia7: no such file or directory
W0803 22:25:38.471737       1 frontend.go:76] [  14:  14] nvproxy: failed to open nvidia6: no such file or directory
W0803 22:25:38.471755       1 frontend.go:76] [  14:  14] nvproxy: failed to open nvidia6: no such file or directory
I0803 22:25:38.471873       1 object.go:260] [  14:  14] nvproxy: freeing object with unknown handle 0xc1d18c12:0x5c000011
W0803 22:25:38.472151       1 frontend.go:76] [  14:  14] nvproxy: failed to open nvidia7: no such file or directory
W0803 22:25:38.472178       1 frontend.go:76] [  14:  14] nvproxy: failed to open nvidia7: no such file or directory
W0803 22:25:38.505861       1 frontend.go:76] [  18:  18] nvproxy: failed to open nvidia0: no such file or directory
W0803 22:25:38.505906       1 frontend.go:76] [  18:  18] nvproxy: failed to open nvidia0: no such file or directory
W0803 22:25:38.506401       1 frontend.go:76] [  18:  18] nvproxy: failed to open nvidia2: no such file or directory
W0803 22:25:38.506465       1 frontend.go:76] [  18:  18] nvproxy: failed to open nvidia2: no such file or directory
W0803 22:25:38.506591       1 frontend.go:76] [  18:  18] nvproxy: failed to open nvidia3: no such file or directory
W0803 22:25:38.506617       1 frontend.go:76] [  18:  18] nvproxy: failed to open nvidia3: no such file or directory
W0803 22:25:38.506765       1 frontend.go:76] [  18:  18] nvproxy: failed to open nvidia4: no such file or directory
W0803 22:25:38.506781       1 frontend.go:76] [  18:  18] nvproxy: failed to open nvidia4: no such file or directory
W0803 22:25:38.506879       1 frontend.go:76] [  18:  18] nvproxy: failed to open nvidia5: no such file or directory
W0803 22:25:38.506921       1 frontend.go:76] [  18:  18] nvproxy: failed to open nvidia5: no such file or directory
W0803 22:25:38.507058       1 frontend.go:76] [  18:  18] nvproxy: failed to open nvidia6: no such file or directory
W0803 22:25:38.507183       1 frontend.go:76] [  18:  18] nvproxy: failed to open nvidia6: no such file or directory
W0803 22:25:38.507423       1 frontend.go:76] [  18:  18] nvproxy: failed to open nvidia7: no such file or directory
W0803 22:25:38.507475       1 frontend.go:76] [  18:  18] nvproxy: failed to open nvidia7: no such file or directory
I0803 22:25:38.507602       1 object.go:260] [  18:  18] nvproxy: freeing object with unknown handle 0xc1d18c17:0x5c000002
W0803 22:25:38.507840       1 frontend.go:76] [  18:  18] nvproxy: failed to open nvidia0: no such file or directory
W0803 22:25:38.507857       1 frontend.go:76] [  18:  18] nvproxy: failed to open nvidia0: no such file or directory
I0803 22:25:38.507949       1 object.go:260] [  18:  18] nvproxy: freeing object with unknown handle 0xc1d18c17:0x5c000003
I0803 22:25:38.518255       1 object.go:260] [  18:  18] nvproxy: freeing object with unknown handle 0xc1d18c17:0x5c00000c
W0803 22:25:38.518572       1 frontend.go:76] [  18:  18] nvproxy: failed to open nvidia2: no such file or directory
W0803 22:25:38.518611       1 frontend.go:76] [  18:  18] nvproxy: failed to open nvidia2: no such file or directory
I0803 22:25:38.518669       1 object.go:260] [  18:  18] nvproxy: freeing object with unknown handle 0xc1d18c17:0x5c00000d
W0803 22:25:38.518844       1 frontend.go:76] [  18:  18] nvproxy: failed to open nvidia3: no such file or directory
W0803 22:25:38.518855       1 frontend.go:76] [  18:  18] nvproxy: failed to open nvidia3: no such file or directory
I0803 22:25:38.518897       1 object.go:260] [  18:  18] nvproxy: freeing object with unknown handle 0xc1d18c17:0x5c00000e
W0803 22:25:38.519055       1 frontend.go:76] [  18:  18] nvproxy: failed to open nvidia4: no such file or directory
W0803 22:25:38.519075       1 frontend.go:76] [  18:  18] nvproxy: failed to open nvidia4: no such file or directory
I0803 22:25:38.519121       1 object.go:260] [  18:  18] nvproxy: freeing object with unknown handle 0xc1d18c17:0x5c00000f
W0803 22:25:38.519287       1 frontend.go:76] [  18:  18] nvproxy: failed to open nvidia5: no such file or directory
W0803 22:25:38.519304       1 frontend.go:76] [  18:  18] nvproxy: failed to open nvidia5: no such file or directory
I0803 22:25:38.519380       1 object.go:260] [  18:  18] nvproxy: freeing object with unknown handle 0xc1d18c17:0x5c000010
W0803 22:25:38.519610       1 frontend.go:76] [  18:  18] nvproxy: failed to open nvidia6: no such file or directory
W0803 22:25:38.519626       1 frontend.go:76] [  18:  18] nvproxy: failed to open nvidia6: no such file or directory
I0803 22:25:38.519667       1 object.go:260] [  18:  18] nvproxy: freeing object with unknown handle 0xc1d18c17:0x5c000011
W0803 22:25:38.519883       1 frontend.go:76] [  18:  18] nvproxy: failed to open nvidia7: no such file or directory
W0803 22:25:38.519925       1 frontend.go:76] [  18:  18] nvproxy: failed to open nvidia7: no such file or directory
W0803 22:25:38.538988       1 frontend.go:76] [  21:  21] nvproxy: failed to open nvidia0: no such file or directory
W0803 22:25:38.539017       1 frontend.go:76] [  21:  21] nvproxy: failed to open nvidia0: no such file or directory
W0803 22:25:38.539131       1 frontend.go:76] [  21:  21] nvproxy: failed to open nvidia2: no such file or directory
W0803 22:25:38.539141       1 frontend.go:76] [  21:  21] nvproxy: failed to open nvidia2: no such file or directory
W0803 22:25:38.539187       1 frontend.go:76] [  21:  21] nvproxy: failed to open nvidia3: no such file or directory
W0803 22:25:38.539197       1 frontend.go:76] [  21:  21] nvproxy: failed to open nvidia3: no such file or directory
W0803 22:25:38.539242       1 frontend.go:76] [  21:  21] nvproxy: failed to open nvidia4: no such file or directory
W0803 22:25:38.539254       1 frontend.go:76] [  21:  21] nvproxy: failed to open nvidia4: no such file or directory
W0803 22:25:38.539303       1 frontend.go:76] [  21:  21] nvproxy: failed to open nvidia5: no such file or directory
W0803 22:25:38.539311       1 frontend.go:76] [  21:  21] nvproxy: failed to open nvidia5: no such file or directory
W0803 22:25:38.539355       1 frontend.go:76] [  21:  21] nvproxy: failed to open nvidia6: no such file or directory
W0803 22:25:38.539363       1 frontend.go:76] [  21:  21] nvproxy: failed to open nvidia6: no such file or directory
W0803 22:25:38.539408       1 frontend.go:76] [  21:  21] nvproxy: failed to open nvidia7: no such file or directory
W0803 22:25:38.539416       1 frontend.go:76] [  21:  21] nvproxy: failed to open nvidia7: no such file or directory
I0803 22:25:38.539478       1 object.go:260] [  21:  21] nvproxy: freeing object with unknown handle 0xc1d18c1a:0x5c000002
W0803 22:25:38.539535       1 frontend.go:76] [  21:  21] nvproxy: failed to open nvidia0: no such file or directory
W0803 22:25:38.539543       1 frontend.go:76] [  21:  21] nvproxy: failed to open nvidia0: no such file or directory
I0803 22:25:38.539565       1 object.go:260] [  21:  21] nvproxy: freeing object with unknown handle 0xc1d18c1a:0x5c000003
I0803 22:25:38.548946       1 object.go:260] [  21:  21] nvproxy: freeing object with unknown handle 0xc1d18c1a:0x5c00000c
W0803 22:25:38.549088       1 frontend.go:76] [  21:  21] nvproxy: failed to open nvidia2: no such file or directory
W0803 22:25:38.549102       1 frontend.go:76] [  21:  21] nvproxy: failed to open nvidia2: no such file or directory
I0803 22:25:38.549127       1 object.go:260] [  21:  21] nvproxy: freeing object with unknown handle 0xc1d18c1a:0x5c00000d
W0803 22:25:38.549198       1 frontend.go:76] [  21:  21] nvproxy: failed to open nvidia3: no such file or directory
W0803 22:25:38.549208       1 frontend.go:76] [  21:  21] nvproxy: failed to open nvidia3: no such file or directory
I0803 22:25:38.549231       1 object.go:260] [  21:  21] nvproxy: freeing object with unknown handle 0xc1d18c1a:0x5c00000e
W0803 22:25:38.549307       1 frontend.go:76] [  21:  21] nvproxy: failed to open nvidia4: no such file or directory
W0803 22:25:38.549316       1 frontend.go:76] [  21:  21] nvproxy: failed to open nvidia4: no such file or directory
I0803 22:25:38.549337       1 object.go:260] [  21:  21] nvproxy: freeing object with unknown handle 0xc1d18c1a:0x5c00000f
W0803 22:25:38.549412       1 frontend.go:76] [  21:  21] nvproxy: failed to open nvidia5: no such file or directory
W0803 22:25:38.549420       1 frontend.go:76] [  21:  21] nvproxy: failed to open nvidia5: no such file or directory
I0803 22:25:38.549440       1 object.go:260] [  21:  21] nvproxy: freeing object with unknown handle 0xc1d18c1a:0x5c000010
W0803 22:25:38.549519       1 frontend.go:76] [  21:  21] nvproxy: failed to open nvidia6: no such file or directory
W0803 22:25:38.549527       1 frontend.go:76] [  21:  21] nvproxy: failed to open nvidia6: no such file or directory
I0803 22:25:38.549546       1 object.go:260] [  21:  21] nvproxy: freeing object with unknown handle 0xc1d18c1a:0x5c000011
W0803 22:25:38.549628       1 frontend.go:76] [  21:  21] nvproxy: failed to open nvidia7: no such file or directory
W0803 22:25:38.549635       1 frontend.go:76] [  21:  21] nvproxy: failed to open nvidia7: no such file or directory
W0803 22:25:38.570856       1 frontend.go:76] [  23:  23] nvproxy: failed to open nvidia0: no such file or directory
W0803 22:25:38.570906       1 frontend.go:76] [  23:  23] nvproxy: failed to open nvidia0: no such file or directory
W0803 22:25:38.571054       1 frontend.go:76] [  23:  23] nvproxy: failed to open nvidia2: no such file or directory
W0803 22:25:38.571111       1 frontend.go:76] [  23:  23] nvproxy: failed to open nvidia2: no such file or directory
W0803 22:25:38.571162       1 frontend.go:76] [  23:  23] nvproxy: failed to open nvidia3: no such file or directory
W0803 22:25:38.571171       1 frontend.go:76] [  23:  23] nvproxy: failed to open nvidia3: no such file or directory
W0803 22:25:38.571215       1 frontend.go:76] [  23:  23] nvproxy: failed to open nvidia4: no such file or directory
W0803 22:25:38.571223       1 frontend.go:76] [  23:  23] nvproxy: failed to open nvidia4: no such file or directory
W0803 22:25:38.571269       1 frontend.go:76] [  23:  23] nvproxy: failed to open nvidia5: no such file or directory
W0803 22:25:38.571277       1 frontend.go:76] [  23:  23] nvproxy: failed to open nvidia5: no such file or directory
W0803 22:25:38.571352       1 frontend.go:76] [  23:  23] nvproxy: failed to open nvidia6: no such file or directory
W0803 22:25:38.571409       1 frontend.go:76] [  23:  23] nvproxy: failed to open nvidia6: no such file or directory
W0803 22:25:38.571517       1 frontend.go:76] [  23:  23] nvproxy: failed to open nvidia7: no such file or directory
W0803 22:25:38.571536       1 frontend.go:76] [  23:  23] nvproxy: failed to open nvidia7: no such file or directory
I0803 22:25:38.571603       1 object.go:260] [  23:  23] nvproxy: freeing object with unknown handle 0xc1d18c1d:0x5c000002
W0803 22:25:38.571664       1 frontend.go:76] [  23:  23] nvproxy: failed to open nvidia0: no such file or directory
W0803 22:25:38.571673       1 frontend.go:76] [  23:  23] nvproxy: failed to open nvidia0: no such file or directory
I0803 22:25:38.571697       1 object.go:260] [  23:  23] nvproxy: freeing object with unknown handle 0xc1d18c1d:0x5c000003
I0803 22:25:38.581143       1 object.go:260] [  23:  23] nvproxy: freeing object with unknown handle 0xc1d18c1d:0x5c00000c
W0803 22:25:38.581287       1 frontend.go:76] [  23:  23] nvproxy: failed to open nvidia2: no such file or directory
W0803 22:25:38.581297       1 frontend.go:76] [  23:  23] nvproxy: failed to open nvidia2: no such file or directory
I0803 22:25:38.581324       1 object.go:260] [  23:  23] nvproxy: freeing object with unknown handle 0xc1d18c1d:0x5c00000d
W0803 22:25:38.581396       1 frontend.go:76] [  23:  23] nvproxy: failed to open nvidia3: no such file or directory
W0803 22:25:38.581404       1 frontend.go:76] [  23:  23] nvproxy: failed to open nvidia3: no such file or directory
I0803 22:25:38.581426       1 object.go:260] [  23:  23] nvproxy: freeing object with unknown handle 0xc1d18c1d:0x5c00000e
W0803 22:25:38.581498       1 frontend.go:76] [  23:  23] nvproxy: failed to open nvidia4: no such file or directory
W0803 22:25:38.581506       1 frontend.go:76] [  23:  23] nvproxy: failed to open nvidia4: no such file or directory
I0803 22:25:38.581527       1 object.go:260] [  23:  23] nvproxy: freeing object with unknown handle 0xc1d18c1d:0x5c00000f
W0803 22:25:38.581604       1 frontend.go:76] [  23:  23] nvproxy: failed to open nvidia5: no such file or directory
W0803 22:25:38.581612       1 frontend.go:76] [  23:  23] nvproxy: failed to open nvidia5: no such file or directory
I0803 22:25:38.581632       1 object.go:260] [  23:  23] nvproxy: freeing object with unknown handle 0xc1d18c1d:0x5c000010
W0803 22:25:38.581714       1 frontend.go:76] [  23:  23] nvproxy: failed to open nvidia6: no such file or directory
W0803 22:25:38.581724       1 frontend.go:76] [  23:  23] nvproxy: failed to open nvidia6: no such file or directory
I0803 22:25:38.581746       1 object.go:260] [  23:  23] nvproxy: freeing object with unknown handle 0xc1d18c1d:0x5c000011
W0803 22:25:38.581832       1 frontend.go:76] [  23:  23] nvproxy: failed to open nvidia7: no such file or directory
W0803 22:25:38.581840       1 frontend.go:76] [  23:  23] nvproxy: failed to open nvidia7: no such file or directory
W0803 22:25:38.933852       1 frontend.go:76] [   2:   5] nvproxy: failed to open nvidia0: no such file or directory
W0803 22:25:38.933912       1 frontend.go:76] [   2:   5] nvproxy: failed to open nvidia0: no such file or directory
W0803 22:25:38.934224       1 frontend.go:76] [   2:   5] nvproxy: failed to open nvidia5: no such file or directory
W0803 22:25:38.934246       1 frontend.go:76] [   2:   5] nvproxy: failed to open nvidia5: no such file or directory
W0803 22:25:38.937916       1 frontend.go:76] [   2:   5] nvproxy: failed to open nvidia4: no such file or directory
W0803 22:25:38.937937       1 frontend.go:76] [   2:   5] nvproxy: failed to open nvidia4: no such file or directory
W0803 22:25:38.938132       1 frontend.go:76] [   2:   5] nvproxy: failed to open nvidia6: no such file or directory
W0803 22:25:38.938163       1 frontend.go:76] [   2:   5] nvproxy: failed to open nvidia6: no such file or directory
W0803 22:25:38.938291       1 frontend.go:76] [   2:   5] nvproxy: failed to open nvidia2: no such file or directory
W0803 22:25:38.938302       1 frontend.go:76] [   2:   5] nvproxy: failed to open nvidia2: no such file or directory
W0803 22:25:38.938755       1 frontend.go:76] [   2:   5] nvproxy: failed to open nvidia7: no such file or directory
W0803 22:25:38.938855       1 frontend.go:76] [   2:   5] nvproxy: failed to open nvidia7: no such file or directory
W0803 22:25:38.938995       1 frontend.go:76] [   2:   5] nvproxy: failed to open nvidia3: no such file or directory
W0803 22:25:38.939007       1 frontend.go:76] [   2:   5] nvproxy: failed to open nvidia3: no such file or directory
W0803 22:25:39.078799       1 frontend.go:76] [  25:  25] nvproxy: failed to open nvidia0: no such file or directory
W0803 22:25:39.078850       1 frontend.go:76] [  25:  25] nvproxy: failed to open nvidia0: no such file or directory
W0803 22:25:39.079118       1 frontend.go:76] [  25:  25] nvproxy: failed to open nvidia2: no such file or directory
W0803 22:25:39.079155       1 frontend.go:76] [  25:  25] nvproxy: failed to open nvidia2: no such file or directory
W0803 22:25:39.079329       1 frontend.go:76] [  25:  25] nvproxy: failed to open nvidia3: no such file or directory
W0803 22:25:39.079339       1 frontend.go:76] [  25:  25] nvproxy: failed to open nvidia3: no such file or directory
W0803 22:25:39.079441       1 frontend.go:76] [  25:  25] nvproxy: failed to open nvidia4: no such file or directory
W0803 22:25:39.079503       1 frontend.go:76] [  25:  25] nvproxy: failed to open nvidia4: no such file or directory
W0803 22:25:39.079652       1 frontend.go:76] [  25:  25] nvproxy: failed to open nvidia5: no such file or directory
W0803 22:25:39.079662       1 frontend.go:76] [  25:  25] nvproxy: failed to open nvidia5: no such file or directory
W0803 22:25:39.079754       1 frontend.go:76] [  25:  25] nvproxy: failed to open nvidia6: no such file or directory
W0803 22:25:39.079763       1 frontend.go:76] [  25:  25] nvproxy: failed to open nvidia6: no such file or directory
W0803 22:25:39.079983       1 frontend.go:76] [  25:  25] nvproxy: failed to open nvidia7: no such file or directory
W0803 22:25:39.080035       1 frontend.go:76] [  25:  25] nvproxy: failed to open nvidia7: no such file or directory
I0803 22:25:39.080251       1 object.go:260] [  25:  25] nvproxy: freeing object with unknown handle 0xc1d18c25:0x5c000002
W0803 22:25:39.080355       1 frontend.go:76] [  25:  25] nvproxy: failed to open nvidia0: no such file or directory
W0803 22:25:39.080365       1 frontend.go:76] [  25:  25] nvproxy: failed to open nvidia0: no such file or directory
I0803 22:25:39.080391       1 object.go:260] [  25:  25] nvproxy: freeing object with unknown handle 0xc1d18c25:0x5c000003
I0803 22:25:39.132162       1 object.go:260] [  25:  25] nvproxy: freeing object with unknown handle 0xc1d18c25:0x5c00000c
W0803 22:25:39.133499       1 frontend.go:76] [  25:  25] nvproxy: failed to open nvidia2: no such file or directory
W0803 22:25:39.133558       1 frontend.go:76] [  25:  25] nvproxy: failed to open nvidia2: no such file or directory
I0803 22:25:39.133615       1 object.go:260] [  25:  25] nvproxy: freeing object with unknown handle 0xc1d18c25:0x5c00000d
W0803 22:25:39.133686       1 frontend.go:76] [  25:  25] nvproxy: failed to open nvidia3: no such file or directory
W0803 22:25:39.133695       1 frontend.go:76] [  25:  25] nvproxy: failed to open nvidia3: no such file or directory
I0803 22:25:39.133717       1 object.go:260] [  25:  25] nvproxy: freeing object with unknown handle 0xc1d18c25:0x5c00000e
W0803 22:25:39.133787       1 frontend.go:76] [  25:  25] nvproxy: failed to open nvidia4: no such file or directory
W0803 22:25:39.133796       1 frontend.go:76] [  25:  25] nvproxy: failed to open nvidia4: no such file or directory
I0803 22:25:39.133838       1 object.go:260] [  25:  25] nvproxy: freeing object with unknown handle 0xc1d18c25:0x5c00000f
W0803 22:25:39.134061       1 frontend.go:76] [  25:  25] nvproxy: failed to open nvidia5: no such file or directory
W0803 22:25:39.134104       1 frontend.go:76] [  25:  25] nvproxy: failed to open nvidia5: no such file or directory
I0803 22:25:39.134183       1 object.go:260] [  25:  25] nvproxy: freeing object with unknown handle 0xc1d18c25:0x5c000010
W0803 22:25:39.134441       1 frontend.go:76] [  25:  25] nvproxy: failed to open nvidia6: no such file or directory
W0803 22:25:39.134464       1 frontend.go:76] [  25:  25] nvproxy: failed to open nvidia6: no such file or directory
I0803 22:25:39.134596       1 object.go:260] [  25:  25] nvproxy: freeing object with unknown handle 0xc1d18c25:0x5c000011
W0803 22:25:39.134913       1 frontend.go:76] [  25:  25] nvproxy: failed to open nvidia7: no such file or directory
W0803 22:25:39.134948       1 frontend.go:76] [  25:  25] nvproxy: failed to open nvidia7: no such file or directory
I0803 22:25:39.222553       1 state.go:83] Before save CPU usage: 3.740501206s
I0803 22:25:39.222581       1 state.go:85] Sandbox save started, pausing all tasks.
I0803 22:25:39.222637       1 watchdog.go:215] Stopping watchdog
I0803 22:25:39.222664       1 watchdog.go:219] Watchdog stopped
I0803 22:25:39.256972       1 kernel.go:689] CPUID save took [247.396Âµs].
I0803 22:25:39.257001       1 kernel.go:699] Pausing root network namespace
I0803 22:25:39.257048       1 kernel.go:702] Pausing root network namespace took [48.192Âµs].
I0803 22:25:39.336799       1 kernel.go:713] Kernel save stats:
           total |    count |              per | type
-----------------+----------+------------------+----------------
     21.870912ms |        1 |      21.870912ms | state.default
      3.323154ms |      790 |          4.206Âµs | pkg/sentry/fsimpl/kernfs.InodeAttrs
      2.971654ms |      349 |          8.514Âµs | pkg/sentry/fsimpl/tmpfs.inode
      2.537036ms |     2816 |            900ns | pkg/sentry/fsimpl/lock.Locks
      2.412242ms |      533 |          4.525Âµs | pkg/sentry/fsimpl/kernfs.DynamicBytesFile
      2.344259ms |      584 |          4.014Âµs | pkg/sentry/fsimpl/tmpfs.dentry
      2.257684ms |     2848 |            792ns | pkg/waiter.Queue
      2.199722ms |      178 |         12.357Âµs | pkg/sentry/fsimpl/gofer.inode
      2.115253ms |      440 |          4.807Âµs | pkg/sentry/vfs.FileDescription
       1.89617ms |     2299 |            824ns | pkg/sentry/memmap.MappingOfRange
      1.792806ms |      997 |          1.798Âµs | pkg/sentry/mm.pma
      1.718754ms |    12277 |            139ns | pkg/atomicbitops.Uint32
      1.644498ms |      172 |          9.561Âµs | pkg/sentry/fsimpl/overlay.dentry
      1.615375ms |     1408 |          1.147Âµs | pkg/sentry/vfs.FileLocks
      1.359255ms |      736 |          1.846Âµs | pkg/sentry/fsimpl/kernfs.slot
      1.309295ms |     1030 |          1.271Âµs | pkg/sentry/vfs.Dentry
      1.299817ms |     1172 |          1.109Âµs | pkg/sentry/mm.vma
      1.185871ms |      592 |          2.003Âµs | pkg/sentry/memmap.MappingSet
      1.018716ms |      832 |          1.224Âµs | pkg/sentry/vfs.VirtualDentry
      1.004177ms |     5951 |            168ns | pkg/atomicbitops.Int64
      1.002017ms |      417 |          2.402Âµs | pkg/sentry/fsutil.FileRangeSet
       966.616Âµs |      997 |            969ns | pkg/sentry/mm.pmaFlatSegment
       794.813Âµs |     1087 |            731ns | pkg/sentry/memmap.MappingFlatSegment
       613.636Âµs |     1172 |            523ns | pkg/sentry/mm.vmaFlatSegment
       550.329Âµs |      178 |          3.091Âµs | pkg/sentry/fsimpl/gofer.dentry
       549.321Âµs |     2848 |            192ns | pkg/waiter.waiterList
       510.403Âµs |     1208 |            422ns | pkg/sentry/fsimpl/overlay.layerDevNoAndIno
       486.003Âµs |     2991 |            162ns | pkg/hostarch.AccessType
       458.845Âµs |      584 |            785ns | pkg/sentry/fsimpl/tmpfs.dentryEntry
       454.372Âµs |     2312 |            196ns | pkg/hostarch.AddrRange
       446.775Âµs |      178 |          2.509Âµs | pkg/sentry/fsimpl/gofer.inodePlatformFile
       430.808Âµs |       90 |          4.786Âµs | pkg/sentry/fsimpl/kernfs.Dentry
       422.912Âµs |      736 |            574ns | pkg/sentry/fsimpl/kernfs.slotEntry
        422.13Âµs |      258 |          1.636Âµs | pkg/sentry/fsimpl/proc.taskOwnedInode
       379.502Âµs |     2816 |            134ns | pkg/sentry/fsimpl/lock.LockSet
       371.674Âµs |      433 |            858ns | pkg/sentry/vfs.LockFD
       321.851Âµs |      239 |          1.346Âµs | pkg/sentry/fsimpl/tmpfs.regularFile
       316.864Âµs |      265 |          1.195Âµs | pkg/sentry/vfs.registeredDevice
       314.173Âµs |      356 |            882ns | pkg/sentry/fsimpl/gofer.dentryEntry
       310.314Âµs |      798 |            388ns | pkg/sentry/fsimpl/kernfs.InodeWatches
       301.188Âµs |      356 |            846ns | pkg/sentry/fsimpl/gofer.dentryListElem
       296.822Âµs |     1142 |            259ns | pkg/sentry/vfs.Dirent
       291.675Âµs |      665 |            438ns | pkg/sentry/fsimpl/kernfs.InodeNotDirectory
       279.025Âµs |       53 |          5.264Âµs | pkg/sentry/fsimpl/sys.dir
       277.647Âµs |      671 |            413ns | pkg/sentry/fsimpl/kernfs.InodeNoopRefCount
        275.53Âµs |     1708 |            161ns | pkg/atomicbitops.Uint64
       266.114Âµs |      205 |          1.298Âµs | pkg/sentry/fsimpl/gofer.fileDescription
       248.035Âµs |        1 |        248.035Âµs | pkg/tcpip/stack.Stack
       236.399Âµs |       38 |          6.221Âµs | pkg/sentry/vfs.Mount
       223.418Âµs |     1503 |            148ns | pkg/sentry/vfs.Watches
       209.658Âµs |        3 |         69.886Âµs | pkg/sentry/mm.vmaSet
        207.28Âµs |       31 |          6.686Âµs | pkg/sentry/vfs.Filesystem
       207.214Âµs |      205 |           1.01Âµs | pkg/sentry/fsimpl/overlay.regularFileFD
       197.505Âµs |      133 |          1.485Âµs | pkg/sentry/fsimpl/kernfs.OrderedChildren
        184.61Âµs |       31 |          5.955Âµs | pkg/sentry/fsimpl/kernfs.StaticDirectory
        184.39Âµs |      205 |            899ns | pkg/sentry/fsimpl/gofer.regularFileFD
       177.489Âµs |     1209 |            146ns | pkg/sentry/fsimpl/overlay.layerDevNumber
       175.227Âµs |      440 |            398ns | pkg/sentry/vfs.FileDescriptionRefs
       166.062Âµs |      133 |          1.248Âµs | pkg/sentry/fsimpl/kernfs.slotList
       161.395Âµs |       58 |          2.782Âµs | pkg/sentry/fsimpl/kernfs.StaticSymlink
       161.017Âµs |      205 |            785ns | pkg/sentry/fsimpl/overlay.fileDescription
       159.382Âµs |      349 |            456ns | pkg/sentry/fsimpl/tmpfs.inodeRefs
        153.26Âµs |      181 |            846ns | pkg/sentry/fsutil.HostFileMapper
       152.196Âµs |       86 |          1.769Âµs | pkg/sentry/fsimpl/tmpfs.directory
       150.314Âµs |        1 |        150.314Âµs | pkg/sentry/socket/unix/transport.UnixSocketOpts
       131.979Âµs |      440 |            299ns | pkg/sentry/vfs.FileDescriptionOptions
       126.455Âµs |      133 |            950ns | pkg/sentry/fsimpl/proc.staticFile
        123.75Âµs |        3 |          41.25Âµs | pkg/sentry/mm.pmaSet
        123.22Âµs |        9 |         13.691Âµs | pkg/sentry/kernel.Task
       117.474Âµs |      170 |            691ns | pkg/tcpip.StatCounter
       115.075Âµs |        3 |         38.358Âµs | pkg/sentry/mm.MemoryManager
       106.885Âµs |       16 |           6.68Âµs | pkg/sentry/ktime.SyntheticTimer
       104.198Âµs |        2 |         52.099Âµs | pkg/tcpip.ICMPv4PacketStats
       102.776Âµs |       65 |          1.581Âµs | pkg/sentry/fsimpl/cgroupfs.controllerFile
        99.691Âµs |      178 |            560ns | pkg/sentry/fsimpl/gofer.inodeRefs
        91.459Âµs |      788 |            116ns | pkg/sentry/fsimpl/kernfs.InodeFSOwned
        89.779Âµs |        5 |         17.955Âµs | pkg/tcpip.SocketOptions
        87.236Âµs |       55 |          1.586Âµs | pkg/sentry/fsimpl/proc.namespaceSymlink
        86.433Âµs |      779 |            110ns | pkg/sentry/fsimpl/kernfs.InodeNotAnonymous
         82.12Âµs |       86 |            954ns | pkg/sentry/fsimpl/tmpfs.dentryList
        81.421Âµs |      256 |            318ns | pkg/sentry/devices/nvproxy.frontendDevice
        80.204Âµs |      788 |            101ns | pkg/sentry/fsimpl/kernfs.InodeAlwaysValid
        79.088Âµs |      704 |            112ns | pkg/sentry/fsimpl/kernfs.InodeNotSymlink
        76.262Âµs |      793 |             96ns | pkg/sentry/fsimpl/kernfs.InodeTemporary
        71.377Âµs |      178 |            400ns | pkg/sentry/fsimpl/gofer.directfsInode
        70.785Âµs |        1 |         70.785Âµs | pkg/sentry/kernel.Kernel
        70.194Âµs |      265 |            264ns | pkg/sentry/vfs.RegisterDeviceOptions
        66.248Âµs |      440 |            150ns | pkg/sentry/vfs.FileDescriptionDefaultImpl
        65.394Âµs |      349 |            187ns | pkg/sentry/vfs/memxattr.SimpleExtendedAttributes
        63.595Âµs |      644 |             98ns | pkg/sentry/fsimpl/kernfs.InodeNoStatFS
        61.724Âµs |       12 |          5.143Âµs | pkg/sentry/vfs.registeredFilesystemType
        60.221Âµs |       38 |          1.584Âµs | pkg/sentry/vfs.mountEntry
        58.111Âµs |        9 |          6.456Âµs | pkg/sentry/arch.State
        57.947Âµs |      239 |            242ns | pkg/sentry/fsutil.FileRangeFlatSegment
         55.85Âµs |      178 |            313ns | pkg/sentry/fsimpl/gofer.inoKey
        55.807Âµs |        9 |            6.2Âµs | pkg/sentry/fsimpl/proc.fdInfoDirInode
        54.286Âµs |       14 |          3.877Âµs | pkg/sentry/fsimpl/cgroupfs.dir
        54.182Âµs |       49 |          1.105Âµs | pkg/sentry/kernel.Cgroup
        53.188Âµs |        4 |         13.297Âµs | pkg/sentry/kernel.ThreadGroup
        52.007Âµs |       42 |          1.238Âµs | pkg/sentry/kernel.descriptor
        51.211Âµs |       69 |            742ns | pkg/sentry/fsimpl/sys.staticFile
        50.375Âµs |       10 |          5.037Âµs | pkg/sentry/fsimpl/proc.taskInode
        50.351Âµs |        9 |          5.594Âµs | pkg/sentry/fsimpl/proc.fdDirInode
        46.943Âµs |      265 |            177ns | pkg/sentry/vfs.devTuple
         46.28Âµs |      178 |            260ns | pkg/sentry/fsutil.DirtySet
        45.884Âµs |        3 |         15.294Âµs | pkg/sentry/fsimpl/host.inode
        44.339Âµs |        5 |          8.867Âµs | pkg/sentry/fsimpl/pipefs.inode
        44.302Âµs |       10 |           4.43Âµs | pkg/sentry/fsimpl/proc.statusInode
        42.869Âµs |        5 |          8.573Âµs | pkg/sentry/socket/unix/transport.connectionedEndpoint
          42.4Âµs |        4 |           10.6Âµs | pkg/sentry/kernel/futex.Manager
        41.958Âµs |       15 |          2.797Âµs | pkg/sentry/fsimpl/kernfs.Filesystem
        40.786Âµs |        7 |          5.826Âµs | pkg/sentry/fsimpl/cgroupfs.filesystem
        40.689Âµs |       90 |            452ns | pkg/sentry/fsimpl/kernfs.dentryEntry
        39.909Âµs |        5 |          7.981Âµs | pkg/sentry/fsimpl/nsfs.Inode
        38.757Âµs |        7 |          5.536Âµs | pkg/sentry/fsimpl/gofer.filesystem
         36.43Âµs |        1 |          36.43Âµs | pkg/tcpip.Stats
        35.489Âµs |       94 |            377ns | pkg/sentry/fsimpl/kernfs.InodeSymlink
        34.971Âµs |        5 |          6.994Âµs | pkg/sentry/socket/unix/transport.baseEndpoint
         34.74Âµs |        9 |           3.86Âµs | pkg/sentry/fsimpl/proc.cwdSymlink
        33.996Âµs |        9 |          3.777Âµs | pkg/sentry/fsimpl/proc.rootSymlink
        33.907Âµs |        4 |          8.476Âµs | pkg/sentry/kernel.FSContextRefs
          33.4Âµs |        9 |          3.711Âµs | pkg/sentry/fsimpl/proc.memInode
        31.467Âµs |       10 |          3.146Âµs | pkg/sentry/fsimpl/proc.exeSymlink
        31.455Âµs |       13 |          2.419Âµs | pkg/sentry/usage.IO
        30.217Âµs |      205 |            147ns | pkg/sentry/vfs.StaticData
        30.138Âµs |        7 |          4.305Âµs | pkg/sentry/fsimpl/proc.fdSymlink
        28.358Âµs |      181 |            156ns | pkg/sentry/fsutil.FrameRefSet
        28.209Âµs |        4 |          7.052Âµs | pkg/sentry/kernel.FDTable
        25.192Âµs |       53 |            475ns | pkg/sentry/fsimpl/sys.dirRefs
        25.072Âµs |        5 |          5.014Âµs | pkg/sentry/socket/unix.Socket
         24.41Âµs |        4 |          6.102Âµs | pkg/sentry/fsimpl/proc.subtasksInode
        24.327Âµs |        1 |         24.327Âµs | pkg/sentry/vfs.VirtualFilesystem
        23.228Âµs |       14 |          1.659Âµs | pkg/sentry/fsimpl/cgroupfs.stubControllerFile
        22.744Âµs |        1 |         22.744Âµs | pkg/sentry/inet.abstractEndpoint
        22.705Âµs |        7 |          3.243Âµs | pkg/sentry/fsimpl/tmpfs.filesystem
        22.526Âµs |      142 |            158ns | pkg/sentry/fsimpl/gofer.savedDentryRW
        22.095Âµs |       18 |          1.227Âµs | pkg/sentry/fsimpl/proc.idMapData
         21.85Âµs |        1 |          21.85Âµs | pkg/tcpip/network/ipv6.protocol
        20.824Âµs |        1 |         20.824Âµs | pkg/tcpip/transport/tcp.protocol
        20.775Âµs |        4 |          5.193Âµs | pkg/sentry/ktime.SampledTimer
        20.477Âµs |       18 |          1.137Âµs | pkg/sentry/fsimpl/proc.metadataData
        19.849Âµs |        1 |         19.849Âµs | pkg/tcpip/transport/raw.EndpointFactory
        19.531Âµs |        4 |          4.882Âµs | pkg/tcpip/stack.transportProtocolState
        19.336Âµs |       14 |          1.381Âµs | pkg/sentry/fsimpl/cgroupfs.cgroupInode
        19.275Âµs |       18 |           1.07Âµs | pkg/sentry/fsimpl/proc.fdDir
        18.772Âµs |       81 |            231ns | pkg/cpuid.Out
        18.567Âµs |        5 |          3.713Âµs | pkg/sentry/kernel/pipe.Pipe
        18.289Âµs |        9 |          2.032Âµs | pkg/sentry/fsimpl/proc.netTCPData
        18.129Âµs |       26 |            697ns | pkg/sentry/ktime.SyntheticClock
        17.794Âµs |        1 |         17.794Âµs | pkg/sentry/inet.Namespace
        17.726Âµs |        5 |          3.545Âµs | pkg/bitmap.Bitmap
        17.437Âµs |        7 |          2.491Âµs | pkg/sentry/kernel.CgroupMount
        17.198Âµs |        9 |           1.91Âµs | pkg/sentry/kernel.TaskImage
        16.554Âµs |        5 |           3.31Âµs | pkg/sentry/fsimpl/sockfs.inode
          16.3Âµs |      133 |            122ns | pkg/sentry/fsimpl/kernfs.InodeDirectoryNoNewChildren
        16.248Âµs |        9 |          1.805Âµs | pkg/sentry/fsimpl/proc.ioData
        15.247Âµs |        9 |          1.694Âµs | pkg/abi/linux.PtraceRegs
        15.219Âµs |        7 |          2.174Âµs | pkg/sentry/kernel.hierarchy
        14.731Âµs |       10 |          1.473Âµs | pkg/sentry/kernel/pipe.VFSPipeFD
        14.472Âµs |        9 |          1.608Âµs | pkg/sentry/fsimpl/proc.netUDPData
        14.437Âµs |        1 |         14.437Âµs | pkg/tcpip/network/ipv4.protocol
        14.154Âµs |        2 |          7.077Âµs | pkg/tcpip.ICMPv6PacketStats
        14.063Âµs |        4 |          3.515Âµs | pkg/sentry/socket/unix/transport.streamQueueReceiver
        13.914Âµs |       14 |            993ns | pkg/sentry/fsimpl/gofer.dentryList
        13.892Âµs |       37 |            375ns | pkg/abi/linux.SigAction
        13.583Âµs |       64 |            212ns | pkg/sentry/limits.Limit
        13.514Âµs |       75 |            180ns | pkg/atomicbitops.Int32
        13.478Âµs |        4 |          3.369Âµs | pkg/sentry/kernel/auth.idMapSet
        13.412Âµs |        3 |           4.47Âµs | pkg/sentry/fsimpl/host.fileDescription
        13.169Âµs |       81 |            162ns | pkg/cpuid.In
        13.083Âµs |        9 |          1.453Âµs | pkg/sentry/kernel.taskNode
        12.957Âµs |        9 |          1.439Âµs | pkg/sentry/fsimpl/proc.oomScoreAdj
        12.907Âµs |        1 |         12.907Âµs | pkg/sentry/loader.VDSO
        12.859Âµs |       31 |            414ns | pkg/sentry/fsimpl/kernfs.StaticDirectoryRefs
         12.85Âµs |       14 |            917ns | pkg/sentry/fsimpl/cgroupfs.controllerCommon
         12.76Âµs |        9 |          1.417Âµs | pkg/sentry/fsimpl/proc.mountsData
        12.528Âµs |       19 |            659ns | pkg/sentry/fsimpl/tmpfs.deviceFile
        12.402Âµs |        9 |          1.378Âµs | pkg/sentry/arch.Registers
        12.363Âµs |       18 |            686ns | pkg/sentry/fsimpl/proc.dynamicBytesFileSetAttr
        11.943Âµs |        4 |          2.985Âµs | pkg/sentry/kernel.threadGroupNode
        11.848Âµs |       69 |            171ns | pkg/sentry/fsimpl/proc.implStatFS
        11.831Âµs |        2 |          5.915Âµs | pkg/tcpip/network/internal/fragmentation.Fragmentation
        11.792Âµs |        9 |           1.31Âµs | pkg/sentry/fsimpl/proc.taskStatData
        11.631Âµs |        9 |          1.292Âµs | pkg/sentry/fsimpl/proc.netSnmpData
        11.305Âµs |        9 |          1.256Âµs | pkg/sentry/fsimpl/proc.netDevData
        11.266Âµs |       79 |            142ns | pkg/sentry/fsimpl/cgroupfs.implStatFS
        11.171Âµs |        9 |          1.241Âµs | pkg/sentry/fsimpl/proc.auxvData
        11.096Âµs |       10 |          1.109Âµs | pkg/sentry/fsimpl/proc.mapsData
        11.078Âµs |        2 |          5.539Âµs | pkg/tcpip/transport/icmp.protocol
        10.984Âµs |        3 |          3.661Âµs | pkg/sentry/fsimpl/sys.cpuFile
        10.896Âµs |        9 |           1.21Âµs | pkg/sentry/fsimpl/proc.limitsData
        10.774Âµs |        9 |          1.197Âµs | pkg/sentry/fsimpl/proc.ifinet6
        10.612Âµs |       38 |            279ns | pkg/sentry/vfs.MountFlags
        10.428Âµs |        9 |          1.158Âµs | pkg/sentry/fsimpl/proc.mountInfoData
         10.37Âµs |        1 |          10.37Âµs | pkg/tcpip/transport/tcp.dispatcher
        10.344Âµs |        1 |         10.344Âµs | pkg/tcpip.IPStats
        10.246Âµs |       31 |            330ns | pkg/sentry/vfs.FilesystemRefs
         10.13Âµs |        4 |          2.532Âµs | pkg/sentry/socket/unix/transport.queue
        10.129Âµs |       20 |            506ns | pkg/sentry/ktime.Setting
        10.115Âµs |        9 |          1.123Âµs | pkg/sentry/fsimpl/proc.commInode
        10.069Âµs |        1 |         10.069Âµs | pkg/sentry/fsimpl/mqfs.rootInode
        10.031Âµs |        1 |         10.031Âµs | pkg/tcpip.NICStats
         9.928Âµs |        9 |          1.103Âµs | pkg/sentry/fsimpl/proc.statmData
         9.403Âµs |        9 |          1.044Âµs | pkg/sentry/fsimpl/proc.netRouteData
         9.382Âµs |       14 |            670ns | pkg/sentry/fsimpl/cgroupfs.cgroupProcsData
         9.321Âµs |       31 |            300ns | pkg/sentry/fsimpl/kernfs.GenericDirectoryFDOptions
          9.32Âµs |        1 |           9.32Âµs | pkg/tcpip/network/ipv6.Options
         9.148Âµs |        2 |          4.574Âµs | pkg/sentry/vfs.EpollInstance
         9.096Âµs |        1 |          9.096Âµs | pkg/tcpip.TCPStats
         9.019Âµs |        5 |          1.803Âµs | pkg/sentry/kernel/auth.Credentials
         9.009Âµs |        9 |          1.001Âµs | pkg/sentry/fsimpl/proc.commData
         8.898Âµs |       54 |            164ns | pkg/sentry/arch.AuxEntry
         8.794Âµs |        9 |            977ns | pkg/sentry/arch.Context64
         8.747Âµs |       12 |            728ns | pkg/tcpip/stack.transportEndpoints
         8.531Âµs |        4 |          2.132Âµs | pkg/sentry/fsimpl/eventfd.EventFileDescription
         8.502Âµs |       35 |            242ns | pkg/sentry/ktime.Time
         8.502Âµs |       17 |            500ns | pkg/tcpip/transport/tcp.processor
         8.363Âµs |       17 |            491ns | pkg/tcpip/transport/tcp.epQueue
         8.264Âµs |        5 |          1.652Âµs | pkg/sentry/kernel.SocketRecord
         8.117Âµs |        3 |          2.705Âµs | pkg/sentry/fsimpl/kernfs.CachedMappable
          8.05Âµs |        2 |          4.025Âµs | pkg/sentry/fsimpl/cgroupfs.memsData
         7.901Âµs |        9 |            877ns | pkg/sentry/fsimpl/proc.netUnixData
         7.882Âµs |        2 |          3.941Âµs | pkg/tcpip.IGMPPacketStats
         7.848Âµs |       38 |            206ns | pkg/sentry/vfs.followerList
         7.832Âµs |        9 |            870ns | pkg/sentry/fsimpl/proc.smapsData
         7.811Âµs |       14 |            557ns | pkg/sentry/fsimpl/cgroupfs.tasksData
         7.758Âµs |        7 |          1.108Âµs | pkg/sentry/fsimpl/gofer.filesystemOptions
         7.716Âµs |        2 |          3.858Âµs | pkg/sentry/vfs.epollInterest
         7.597Âµs |        1 |          7.597Âµs | pkg/sentry/vfs.MountNamespace
         7.587Âµs |        1 |          7.587Âµs | pkg/sentry/fsimpl/proc.tasksInode
         7.575Âµs |        4 |          1.893Âµs | pkg/sentry/socket/unix/transport.connectedEndpoint
         7.566Âµs |        1 |          7.566Âµs | pkg/tcpip.ICMPStats
         7.561Âµs |        6 |           1.26Âµs | pkg/sentry/fsimpl/proc.childrenData
          7.52Âµs |        4 |           1.88Âµs | pkg/sentry/kernel.FSContext
         7.423Âµs |       13 |            571ns | pkg/sentry/kernel.pendingSignals
         7.398Âµs |        1 |          7.398Âµs | pkg/sentry/kernel.VDSOParamPage
         7.388Âµs |        9 |            820ns | pkg/sentry/fsimpl/proc.taskCgroupData
         7.383Âµs |        2 |          3.691Âµs | pkg/sentry/fsimpl/cgroupfs.cpuController
         7.347Âµs |        1 |          7.347Âµs | pkg/sentry/fsimpl/devpts.rootInode
         7.197Âµs |        9 |            799ns | pkg/sentry/fsimpl/proc.netStatData
         7.084Âµs |       38 |            186ns | pkg/sentry/vfs.followerEntry
         7.065Âµs |        9 |            785ns | pkg/sentry/fsimpl/proc.netTCP6Data
         6.886Âµs |        1 |          6.886Âµs | pkg/sentry/kernel.PIDNamespace
         6.865Âµs |        1 |          6.865Âµs | pkg/tcpip.ICMPv4SentPacketStats
         6.747Âµs |        2 |          3.373Âµs | pkg/tcpip.Job
         6.743Âµs |       15 |            449ns | pkg/sentry/fsimpl/kernfs.dentryList
         6.719Âµs |        4 |          1.679Âµs | pkg/sentry/vfs.epollInterestKey
         6.664Âµs |        6 |           1.11Âµs | pkg/sentry/vfs.anonDentry
         6.246Âµs |        2 |          3.123Âµs | pkg/sentry/fsimpl/cgroupfs.pidsController
         6.171Âµs |       26 |            237ns | pkg/sentry/ktime.syntheticTimerSet
         6.134Âµs |        9 |            681ns | pkg/sentry/fsimpl/proc.fdDirInodeRefs
         6.116Âµs |       10 |            611ns | pkg/sentry/vfs.RestoreID
         6.043Âµs |        9 |            671ns | pkg/sentry/fsimpl/proc.fdInfoDirInodeRefs
         5.871Âµs |        3 |          1.957Âµs | pkg/sentry/kernel/ipc.Registry
         5.715Âµs |        2 |          2.857Âµs | pkg/tcpip/network/internal/multicast.RouteTable
         5.699Âµs |        1 |          5.699Âµs | pkg/tcpip.IGMPSentPacketStats
         5.696Âµs |        7 |            813ns | pkg/sentry/fsimpl/gofer.InternalFilesystemOptions
         5.571Âµs |        3 |          1.857Âµs | pkg/sentry/fsimpl/kernfs.inodePlatformFile
         5.557Âµs |        4 |          1.389Âµs | pkg/sentry/limits.LimitSet
         5.546Âµs |        2 |          2.773Âµs | pkg/sentry/kernel.Session
         5.483Âµs |        1 |          5.483Âµs | pkg/sentry/kernel.IPCNamespace
         5.381Âµs |        5 |          1.076Âµs | pkg/sentry/fsimpl/tmpfs.fileDescription
         5.186Âµs |        4 |          1.296Âµs | pkg/sentry/kernel.OldRSeqCriticalRegion
         5.186Âµs |        2 |          2.593Âµs | pkg/sentry/kernel.ProcessGroup
          5.11Âµs |        1 |           5.11Âµs | pkg/tcpip.ARPStats
         5.089Âµs |        9 |            565ns | pkg/sentry/kernel/auth.AtomicPtrCredentials
         5.065Âµs |        1 |          5.065Âµs | pkg/sentry/fsimpl/devpts.FilesystemType
         5.051Âµs |        2 |          2.525Âµs | pkg/sentry/fsimpl/cgroupfs.cpuacctController
         5.017Âµs |       42 |            119ns | pkg/sentry/kernel.FDFlags
         4.983Âµs |        3 |          1.661Âµs | pkg/abi/linux.KernelTermios
         4.982Âµs |        2 |          2.491Âµs | pkg/sentry/fsimpl/cgroupfs.cpusetController
         4.956Âµs |        2 |          2.478Âµs | pkg/sentry/fsimpl/cgroupfs.staticControllerFile
         4.939Âµs |        1 |          4.939Âµs | pkg/tcpip.IPForwardingStats
         4.818Âµs |        2 |          2.409Âµs | pkg/sentry/fsimpl/cgroupfs.cpuacctUsageSysData
         4.798Âµs |        1 |          4.798Âµs | pkg/tcpip.ICMPv6SentPacketStats
         4.781Âµs |        3 |          1.593Âµs | pkg/tcpip.NICPacketStats
         4.741Âµs |        1 |          4.741Âµs | pkg/sentry/fsimpl/devpts.masterInode
         4.723Âµs |       17 |            277ns | pkg/tcpip/transport/tcp.endpointList
         4.697Âµs |        1 |          4.697Âµs | pkg/sentry/fsimpl/overlay.filesystem
         4.621Âµs |        1 |          4.621Âµs | pkg/sentry/socket/netstack.Stack
         4.617Âµs |        9 |            513ns | pkg/abi/linux.SignalStack
         4.607Âµs |        2 |          2.303Âµs | pkg/waiter.Entry
         4.582Âµs |        1 |          4.582Âµs | pkg/sentry/fsimpl/proc.loadavgData
         4.554Âµs |        7 |            650ns | pkg/sentry/fsimpl/gofer.dentryCache
          4.55Âµs |        1 |           4.55Âµs | pkg/sentry/kernel/auth.UserNamespace
         4.532Âµs |        1 |          4.532Âµs | pkg/sentry/kernel/mq.Registry
         4.518Âµs |        1 |          4.518Âµs | pkg/tcpip.ICMPv6Stats
         4.398Âµs |        2 |          2.199Âµs | pkg/sentry/fsimpl/cgroupfs.memoryController
         4.341Âµs |        1 |          4.341Âµs | pkg/tcpip.ICMPv4Stats
         4.241Âµs |        1 |          4.241Âµs | pkg/sentry/kernel.Timekeeper
         4.221Âµs |        2 |           2.11Âµs | pkg/sentry/fsimpl/cgroupfs.devicesController
         4.201Âµs |        1 |          4.201Âµs | pkg/tcpip/network/ipv6.protocolMu
         4.161Âµs |        1 |          4.161Âµs | pkg/tcpip.UDPStats
         4.128Âµs |       16 |            258ns | pkg/sentry/ktime.syntheticTimerEntry
         4.108Âµs |        9 |            456ns | pkg/sentry/kernel.ptraceOptions
         4.087Âµs |        3 |          1.362Âµs | pkg/sentry/socket/control.scmCredentials
         4.043Âµs |        1 |          4.043Âµs | pkg/sentry/fsimpl/mqfs.rootInodeRefs
         4.012Âµs |        5 |            802ns | pkg/sentry/fsimpl/tmpfs.regularFileFD
         3.982Âµs |        9 |            442ns | pkg/sentry/kernel.taskEntry
         3.906Âµs |       10 |            390ns | pkg/sentry/fsimpl/proc.taskInodeRefs
         3.904Âµs |        2 |          1.952Âµs | pkg/sentry/fsimpl/proc.tcpMemData
         3.886Âµs |        1 |          3.886Âµs | pkg/sentry/fsimpl/proc.selfSymlink
         3.788Âµs |        2 |          1.894Âµs | pkg/sentry/fsimpl/cgroupfs.jobController
         3.762Âµs |        5 |            752ns | pkg/atomicbitops.Bool
         3.699Âµs |       15 |            246ns | pkg/tcpip/stack.protocolIDs
         3.632Âµs |        9 |            403ns | pkg/sentry/kernel.syscallTableInfo
         3.628Âµs |        5 |            725ns | pkg/sentry/socket.SendReceiveTimeout
         3.607Âµs |        1 |          3.607Âµs | pkg/tcpip.IGMPStats
          3.54Âµs |        1 |           3.54Âµs | pkg/sentry/kernel.sessionList
         3.539Âµs |        3 |          1.179Âµs | pkg/sentry/mm.aioManager
         3.374Âµs |        2 |          1.687Âµs | pkg/sentry/mm.SpecialMappable
         3.368Âµs |        4 |            842ns | pkg/sentry/kernel.SignalHandlers
         3.352Âµs |       19 |            176ns | pkg/sentry/fsimpl/kernfs.InodeAnonymous
         3.314Âµs |       22 |            150ns | pkg/sentry/vfs.DentryMetadataFileDescriptionImpl
         3.313Âµs |        2 |          1.656Âµs | pkg/sentry/kernel.SessionRefs
           3.3Âµs |        1 |            3.3Âµs | pkg/tcpip/network/ipv4.IGMPOptions
         3.297Âµs |        1 |          3.297Âµs | pkg/sentry/fsimpl/proc.atomicInt32File
         3.169Âµs |        6 |            528ns | pkg/sentry/usage.CPUStats
         3.159Âµs |        1 |          3.159Âµs | pkg/sentry/fsimpl/proc.yamaPtraceScope
         3.114Âµs |        1 |          3.114Âµs | pkg/sentry/fsimpl/proc.staticFileSetStat
         3.095Âµs |        3 |          1.031Âµs | pkg/sentry/fsimpl/host.virtualOwner
          3.08Âµs |        3 |          1.026Âµs | pkg/sentry/arch.MmapLayout
         3.051Âµs |       12 |            254ns | pkg/sentry/vfs.RegisterFilesystemTypeOptions
         3.007Âµs |        5 |            601ns | pkg/sentry/fsimpl/tmpfs.symlink
          2.96Âµs |        4 |            740ns | pkg/sentry/fsimpl/cgroupfs.memoryCgroup
         2.879Âµs |        1 |          2.879Âµs | pkg/sentry/devices/nvproxy.nvproxy
         2.778Âµs |        4 |            694ns | pkg/sentry/kernel.taskList
          2.68Âµs |        1 |           2.68Âµs | pkg/tcpip.NICNeighborStats
          2.66Âµs |        1 |           2.66Âµs | pkg/sentry/kernel.CgroupRegistry
         2.596Âµs |        1 |          2.596Âµs | pkg/cpuid.FeatureSet
         2.558Âµs |        3 |            852ns | pkg/sentry/loader.elfProgHeader
         2.553Âµs |        1 |          2.553Âµs | pkg/sentry/fsimpl/mqfs.RegistryImpl
         2.543Âµs |        2 |          1.271Âµs | pkg/sentry/fsimpl/cgroupfs.cpuacctStatData
         2.528Âµs |        4 |            632ns | pkg/sentry/socket/unix/transport.queueReceiver
         2.492Âµs |        2 |          1.246Âµs | pkg/tcpip/network/internal/multicast.Config
          2.39Âµs |        4 |            597ns | pkg/sentry/socket/unix/transport.queueRefs
         2.367Âµs |        1 |          2.367Âµs | pkg/tcpip/network/ipv4.Options
         2.303Âµs |        1 |          2.303Âµs | pkg/tcpip/network/arp.protocol
         2.297Âµs |        1 |          2.297Âµs | pkg/tcpip.IGMPReceivedPacketStats
          2.29Âµs |        1 |           2.29Âµs | pkg/sentry/fsimpl/sys.filesystem
         2.289Âµs |        5 |            457ns | pkg/sentry/socket/unix.socketRefs
         2.274Âµs |        4 |            568ns | pkg/sentry/kernel.FDTableRefs
         2.267Âµs |        5 |            453ns | pkg/sentry/kernel/pipe.VFSPipe
         2.227Âµs |        5 |            445ns | pkg/sentry/fsimpl/nsfs.inodeRefs
         2.226Âµs |        4 |            556ns | pkg/sentry/fsimpl/proc.subtasksInodeRefs
         2.216Âµs |        1 |          2.216Âµs | runsc/boot.sandboxNetstackCreator
          2.21Âµs |        1 |           2.21Âµs | pkg/sentry/kernel.UTSNamespace
         2.192Âµs |        2 |          1.096Âµs | pkg/sentry/devices/nvproxy/nvconf.DriverVersion
         2.182Âµs |        1 |          2.182Âµs | pkg/sentry/fsimpl/proc.tcpRecoveryData
         2.157Âµs |        1 |          2.157Âµs | pkg/sentry/kernel.TaskSet
         2.139Âµs |        1 |          2.139Âµs | pkg/sentry/fsimpl/proc.tcpSackData
         2.137Âµs |        4 |            534ns | pkg/sentry/kernel.itimerProfListener
         2.135Âµs |        2 |          1.067Âµs | pkg/sentry/fsimpl/cgroupfs.memoryUsageInBytesData
         2.128Âµs |        4 |            532ns | pkg/sentry/kernel.itimerRealListener
         2.092Âµs |        2 |          1.046Âµs | pkg/sentry/fsimpl/cgroupfs.cpuacctCgroup
         2.007Âµs |        5 |            401ns | pkg/tcpip.sockErrorList
         1.997Âµs |        7 |            285ns | pkg/sentry/fsimpl/gofer.specialFDList
         1.996Âµs |        1 |          1.996Âµs | pkg/sentry/fsimpl/proc.portRange
         1.995Âµs |        2 |            997ns | pkg/sentry/fsimpl/cgroupfs.controlledDevicesData
         1.992Âµs |        1 |          1.992Âµs | pkg/sentry/fsimpl/proc.mmapMinAddrData
         1.989Âµs |        1 |          1.989Âµs | pkg/tcpip.ICMPv6ReceivedPacketStats
         1.972Âµs |        4 |            493ns | pkg/sentry/kernel.rlimitCPUSoftListener
         1.962Âµs |        5 |            392ns | pkg/tcpip.LingerOption
         1.953Âµs |        1 |          1.953Âµs | pkg/sentry/devices/memdev.nullFD
         1.952Âµs |        1 |          1.952Âµs | pkg/sentry/fsimpl/nsfs.filesystem
         1.939Âµs |        2 |            969ns | pkg/tcpip.IntegralStatCounterMap
         1.938Âµs |        2 |            969ns | pkg/sentry/fsimpl/cgroupfs.cpuacctUsageData
         1.935Âµs |        1 |          1.935Âµs | pkg/sentry/fsimpl/proc.ipForwarding
         1.891Âµs |        2 |            945ns | pkg/sentry/fsimpl/cgroupfs.deniedDevicesData
         1.871Âµs |        1 |          1.871Âµs | pkg/tcpip/stack.transportDemuxer
         1.853Âµs |        1 |          1.853Âµs | pkg/sentry/fsimpl/proc.filesystem
         1.824Âµs |        1 |          1.824Âµs | pkg/sentry/fsimpl/pipefs.filesystem
         1.822Âµs |        1 |          1.822Âµs | pkg/tcpip/stack.NUDConfigurations
          1.81Âµs |        1 |           1.81Âµs | pkg/sentry/vfs.anonFilesystem
         1.809Âµs |        4 |            452ns | pkg/sentry/socket/unix/transport.ControlMessages
         1.776Âµs |        1 |          1.776Âµs | pkg/sentry/fsimpl/proc.hostnameData
         1.767Âµs |        1 |          1.767Âµs | pkg/sentry/kernel/semaphore.Registry
         1.756Âµs |        2 |            878ns | pkg/sentry/fsimpl/cgroupfs.allowedDevicesData
          1.74Âµs |        7 |            248ns | pkg/sentry/vfs.NoLockFD
         1.735Âµs |        1 |          1.735Âµs | pkg/sentry/fsimpl/sys.cgroupDir
         1.729Âµs |        1 |          1.729Âµs | pkg/tcpip/ports.PortManager
         1.703Âµs |        2 |            851ns | pkg/sentry/fsimpl/cgroupfs.pidsCurrentData
         1.678Âµs |        1 |          1.678Âµs | pkg/tcpip.ICMPv4ReceivedPacketStats
         1.664Âµs |        2 |            832ns | pkg/sentry/kernel.processGroupList
         1.658Âµs |        1 |          1.658Âµs | pkg/sentry/fsimpl/sockfs.filesystem
         1.643Âµs |        4 |            410ns | pkg/sentry/kernel.itimerVirtListener
         1.633Âµs |        1 |          1.633Âµs | pkg/sentry/fsimpl/host.filesystem
         1.591Âµs |        1 |          1.591Âµs | pkg/sentry/inet.AbstractSocketNamespace
         1.571Âµs |        1 |          1.571Âµs | pkg/sentry/fsimpl/devpts.filesystem
         1.522Âµs |        1 |          1.522Âµs | pkg/sentry/fsimpl/mqfs.filesystem
         1.506Âµs |        1 |          1.506Âµs | pkg/sentry/fsimpl/proc.statData
         1.501Âµs |        2 |            750ns | pkg/sentry/kernel.timekeeperClock
         1.458Âµs |        3 |            486ns | pkg/sentry/memmap.FileRange
         1.411Âµs |        1 |          1.411Âµs | pkg/tcpip/network/ipv6.NDPConfigurations
          1.41Âµs |        3 |            470ns | pkg/sentry/fsimpl/sys.implStatFS
         1.406Âµs |        1 |          1.406Âµs | pkg/sentry/kernel.CheckpointWaitable
         1.398Âµs |        3 |            466ns | pkg/sentry/fsimpl/host.inodeRefs
          1.39Âµs |        4 |            347ns | pkg/sentry/kernel.rlimitCPUHardListener
         1.382Âµs |        1 |          1.382Âµs | pkg/sentry/fsimpl/proc.cmdLineData
         1.366Âµs |        2 |            683ns | pkg/sentry/fsimpl/cgroupfs.cpuacctUsageUserData
         1.351Âµs |        1 |          1.351Âµs | pkg/sentry/inet.McastTable
         1.331Âµs |        1 |          1.331Âµs | pkg/sentry/fsimpl/proc.filesystemsData
         1.328Âµs |        1 |          1.328Âµs | pkg/sentry/fsimpl/overlay.FilesystemOptions
          1.32Âµs |        1 |           1.32Âµs | pkg/sentry/fsimpl/devtmpfs.FilesystemType
         1.319Âµs |        4 |            329ns | pkg/sentry/kernel/auth.idMapFlatSegment
         1.307Âµs |        2 |            653ns | pkg/sentry/fsimpl/cgroupfs.cpusData
         1.296Âµs |        4 |            324ns | pkg/sentry/socket/unix/transport.messageList
         1.294Âµs |        1 |          1.294Âµs | pkg/sentry/devices/nvproxy.uvmDevice
         1.278Âµs |        1 |          1.278Âµs | pkg/sentry/kernel/msgqueue.Registry
         1.264Âµs |        1 |          1.264Âµs | pkg/sentry/kernel/shm.Registry
         1.253Âµs |        1 |          1.253Âµs | pkg/sentry/fsimpl/proc.cgroupsData
         1.247Âµs |        4 |            311ns | pkg/sentry/socket/unix/transport.Address
         1.237Âµs |        1 |          1.237Âµs | pkg/sentry/fsimpl/proc.versionData
         1.234Âµs |        1 |          1.234Âµs | pkg/sentry/fsimpl/proc.meminfoData
         1.231Âµs |        2 |            615ns | pkg/sentry/kernel.ProcessGroupRefs
          1.21Âµs |        1 |           1.21Âµs | pkg/sentry/syscalls/linux.pollRestartBlock
         1.207Âµs |        2 |            603ns | pkg/sentry/mm.SpecialMappableRefs
         1.194Âµs |        1 |          1.194Âµs | pkg/tcpip/transport/udp.protocol
         1.187Âµs |        2 |            593ns | pkg/sentry/vfs.epollInterestList
         1.182Âµs |        1 |          1.182Âµs | pkg/sentry/socket/netlink/port.Manager
         1.177Âµs |        7 |            168ns | pkg/sentry/fsimpl/gofer.directfsOpts
         1.143Âµs |        1 |          1.143Âµs | pkg/sentry/fsimpl/proc.tasksInodeRefs
         1.128Âµs |        2 |            564ns | pkg/sentry/vfs.epollInterestEntry
         1.123Âµs |        1 |          1.123Âµs | pkg/tcpip/stack.ICMPRateLimiter
         1.111Âµs |        1 |          1.111Âµs | pkg/sentry/fsimpl/proc.sentryMeminfoData
         1.064Âµs |        2 |            532ns | pkg/sentry/kernel.sessionEntry
         1.042Âµs |        1 |          1.042Âµs | pkg/sentry/kernel/futex.bucket
         1.019Âµs |        1 |          1.019Âµs | pkg/sentry/fsimpl/fuse.FilesystemType
         1.015Âµs |        1 |          1.015Âµs | pkg/sentry/fsimpl/pipefs.filesystemType
         1.008Âµs |        1 |          1.008Âµs | pkg/sentry/fsimpl/proc.uptimeData
           984ns |        1 |            984ns | pkg/sentry/kernel/auth.KeySet
           970ns |        2 |            485ns | pkg/tcpip.jobInstance
           942ns |        1 |            942ns | pkg/sentry/fsimpl/devpts.rootInodeRefs
           934ns |        1 |            934ns | pkg/tcpip.TCPSendBufferSizeRangeOption
           927ns |        1 |            927ns | pkg/sentry/fsimpl/erofs.FilesystemType
           904ns |        2 |            452ns | pkg/tcpip/network/internal/fragmentation.reassemblerList
           899ns |        1 |            899ns | pkg/tcpip/network/arp.Options
           894ns |        2 |            447ns | pkg/waiter.waiterEntry
           866ns |        1 |            866ns | pkg/sentry/kernel.UserCounters
           846ns |        1 |            846ns | pkg/sentry/fsimpl/nsfs.filesystemType
           843ns |        2 |            421ns | pkg/tcpip/stack.DADConfigurations
           828ns |        1 |            828ns | pkg/sentry/devices/memdev.zeroDevice
           817ns |        1 |            817ns | pkg/sentry/fsimpl/dev.FilesystemType
           814ns |        1 |            814ns | pkg/sentry/kernel.syslog
           806ns |        1 |            806ns | pkg/sentry/fsimpl/sys.FilesystemType
           803ns |        1 |            803ns | pkg/sentry/kernel.SpecialOpts
           799ns |        2 |            399ns | pkg/sentry/fsimpl/devpts.implStatFS
           782ns |        1 |            782ns | pkg/tcpip.SendBufferSizeOption
           782ns |        1 |            782ns | pkg/sentry/fsimpl/cgroupfs.FilesystemType
           768ns |        1 |            768ns | pkg/tcpip.ReceiveBufferSizeOption
           758ns |        2 |            379ns | pkg/sentry/kernel.processGroupEntry
           711ns |        1 |            711ns | pkg/sentry/fsimpl/sockfs.filesystemType
           705ns |        1 |            705ns | pkg/sentry/fsimpl/cgroupfs.pidsMaxData
           700ns |        1 |            700ns | pkg/sentry/fsimpl/tmpfs.FilesystemType
           699ns |        1 |            699ns | pkg/sentry/vfs.anonFilesystemType
           694ns |        1 |            694ns | pkg/sentry/devices/ttydev.ttyDevice
           693ns |        1 |            693ns | pkg/sentry/fsimpl/gofer.FilesystemType
           690ns |        1 |            690ns | pkg/sentry/fsimpl/host.filesystemType
           683ns |        1 |            683ns | pkg/sentry/devices/memdev.randomDevice
           673ns |        1 |            673ns | pkg/tcpip.TCPReceiveBufferSizeRangeOption
           670ns |        1 |            670ns | pkg/sentry/kernel.CheckpointGeneration
           667ns |        1 |            667ns | pkg/sentry/fsimpl/proc.FilesystemType
           638ns |        1 |            638ns | pkg/sentry/fsimpl/fuse.fuseDevice
           620ns |        1 |            620ns | pkg/sentry/fsimpl/mqfs.FilesystemType
           609ns |        1 |            609ns | pkg/tcpip/transport/tcp.jenkinsHasher
           604ns |        1 |            604ns | pkg/sentry/fsimpl/overlay.FilesystemType
           513ns |        1 |            513ns | pkg/tcpip/network/ipv6.MLDOptions
           507ns |        1 |            507ns | pkg/sentry/devices/memdev.fullDevice
           506ns |        1 |            506ns | pkg/cpuid.hwCap
           497ns |        1 |            497ns | pkg/sentry/kernel.pidNamespaceData
           467ns |        1 |            467ns | pkg/tcpip/network/ipv6.OpaqueInterfaceIdentifierOptions
           409ns |        1 |            409ns | pkg/sentry/devices/memdev.nullDevice
           336ns |        1 |            336ns | pkg/sentry/devices/tundev.tunDevice
-----------------+----------+------------------+----------------
     79.362623ms |    77032 |           1.03Âµs | [all]
I0803 22:25:39.336850       1 kernel.go:714] Kernel save took [79.793767ms].
I0803 22:25:39.369117       1 save_restore.go:187] MemoryFile(0xc0005a7008): saving scanned 1044721664 bytes, saw 322613248 committed bytes (ExcludeCommittedZeroPages=false), decommitted 722108416 bytes in 1332 syscalls, 112.157571ms
I0803 22:25:39.371803       1 save_restore.go:218] MemoryFile(0xc0005a7008): saved metadata in 2.651533ms
I0803 22:25:39.371871       1 save_restore.go:281] MemoryFile(0xc0005a7008): saved page file offsets in 56.535Âµs; async saving 832856064 bytes
I0803 22:25:39.372203       1 save_restore.go:187] MemoryFile(0xc00082a008): saving scanned 5623808 bytes, saw 5623808 committed bytes (ExcludeCommittedZeroPages=false), decommitted 0 bytes in 0 syscalls, 312.567Âµs
I0803 22:25:39.372282       1 save_restore.go:218] MemoryFile(0xc00082a008): saved metadata in 70.04Âµs
I0803 22:25:39.372287       1 save_restore.go:281] MemoryFile(0xc00082a008): saved page file offsets in 385ns; async saving 5623808 bytes
I0803 22:25:39.628149       1 save_restore.go:648] Async page saving completed in 256ms (838479872 bytes, 3272.270 MB/s)
I0803 22:25:39.628243       1 kernel.go:817] Memory files save took [371.428908ms].
I0803 22:25:39.628262       1 kernel.go:742] Overall save took [405.457397ms].
I0803 22:25:39.628346       1 state.go:115] Save CPU usage: 590.384141ms
I0803 22:25:39.628352       1 state.go:117] Save succeeded: exiting...
I0803 22:25:39.628366       1 watchdog.go:199] Starting watchdog, period: 45s, timeout: 3m0s, action: logWarning
I0803 22:25:39.628379       1 state.go:90] Tasks resumed after save.
I0803 22:25:39.628384       1 kernel_restore.go:111] Checkpoint completed successfully.
I0803 22:25:39.656878       1 loader.go:1399] Gofer socket disconnected, killing container "ta-01KZ4VPRX9CYRZ3DHWY13ZBD6R"
I0803 22:25:39.657181       1 boot.go:616] application exiting with exit status 0
I0803 22:25:39.657230       1 watchdog.go:215] Stopping watchdog
I0803 22:25:39.657238       1 watchdog.go:219] Watchdog stopped
I0803 22:25:39.657734       1 cli.go:220] Exiting with status: 0
I0803 22:25:39.657839       1 gofer.go:392] All lisafs servers exited.
I0803 22:25:39.657886       1 cli.go:220] Exiting with status: 0
I0803 22:25:39.659626  2092856 container.go:623] Gofer process (PID=2092884) reaped: exit code = 0
I0803 22:25:39.776920  2092856 cli.go:220] Exiting with status: 0
I0803 22:25:42.857280  2094325 cli.go:188] **************** gVisor ****************
I0803 22:25:42.857305  2094325 cli.go:189] Version release-20251118.0-5-g5401954d88bb, go1.24.1, amd64, 93 CPUs, linux, PID 2094325, PPID 2092603, UID 0, GID 0
I0803 22:25:42.857311  2094325 cli.go:191] Args: [/var/tmp/.modal-special/runsc-V2025_12_01WithXattrFixAndCgroupv2UnifiedUrpc-fcd63c7465a395c22a9c1e0f5feea50c78cc344866939eee729ad3aca050bd13 --root=/run/runsc/runsc-root-V2025_12_01WithXattrFixAndCgroupv2UnifiedUrpc -platform=systrap -directfs -cpu-num-from-quota -host-uds=all -control-rpc-stop-timeout=0 -overlay2=root:self -nvproxy -nvproxy-docker -nvproxy-allowed-driver-capabilities=all -net-disconnect-ok=true -restore-spec-validation=ignore -debug-log=/tmp/runsc-logs/ta-01KZ4VPRX9CYRZ3DHWY13ZBD6R-consolidated-log.txt -pod-init-config /tmp/.tmpvmgowL/pod-init.json restore -image-path /tmp/task-data/ch-noWsiNMAgPBhafpxw2gCNx -background -bundle /tmp/.tmpvmgowL ta-01KZ4VPRX9CYRZ3DHWY13ZBD6R]
I0803 22:25:42.857325  2094325 config.go:470] Platform: systrap
I0803 22:25:42.857329  2094325 config.go:471] RootDir: /run/runsc/runsc-root-V2025_12_01WithXattrFixAndCgroupv2UnifiedUrpc
I0803 22:25:42.857332  2094325 config.go:472] FileAccess: exclusive / Directfs: true / Overlay: root:self
I0803 22:25:42.857338  2094325 config.go:473] Network: sandbox
W0803 22:25:42.857352  2094325 config.go:478] --allow-suid is disabled, SUID/SGID bits on executables will be ignored.
I0803 22:25:42.857356  2094325 cli.go:200] **************** gVisor ****************
W0803 22:25:42.857399  2094325 restore.go:133] Container not found, creating new one, cid: ta-01KZ4VPRX9CYRZ3DHWY13ZBD6R, spec from: /tmp/.tmpvmgowL
I0803 22:25:42.880605  2094325 namespace.go:198] Mapping host uid 0 to container uid 0 (size=1)
I0803 22:25:42.880675  2094325 namespace.go:198] Mapping host uid 100000 to container uid 1 (size=4294867295)
I0803 22:25:42.880680  2094325 namespace.go:206] Mapping host gid 0 to container gid 0 (size=1)
I0803 22:25:42.880684  2094325 namespace.go:206] Mapping host gid 100000 to container gid 1 (size=4294867295)
I0803 22:25:42.883871  2094325 container.go:1478] Gofer started, PID: 2094354
I0803 22:25:42.902645       1 cli.go:188] **************** gVisor ****************
I0803 22:25:42.902670       1 cli.go:189] Version release-20251118.0-5-g5401954d88bb, go1.24.1, amd64, 93 CPUs, linux, PID 1, PPID 0, UID 0, GID 0
I0803 22:25:42.902676       1 cli.go:191] Args: [runsc-gofer --debug-log=/tmp/runsc-logs/ta-01KZ4VPRX9CYRZ3DHWY13ZBD6R-consolidated-log.txt --host-uds=all --platform=systrap --cpu-num-from-quota=true --pod-init-config=/tmp/.tmpvmgowL/pod-init.json --directfs=true --nvproxy-docker=true --nvproxy-allowed-driver-capabilities=all --root=/run/runsc/runsc-root-V2025_12_01WithXattrFixAndCgroupv2UnifiedUrpc --overlay2=root:self --nvproxy=true --net-disconnect-ok=true --restore-spec-validation=ignore --control-rpc-stop-timeout=0s --debug-log-fd=3 gofer --bundle /tmp/.tmpvmgowL --gofer-mount-confs=lisafs:self,lisafs:none,lisafs:none,lisafs:none,lisafs:none,lisafs:none,lisafs:none --spec-fd=4 --mounts-fd=5 --rpc-fd=6 --io-fds=7 --io-fds=8 --io-fds=9 --io-fds=10 --io-fds=11 --io-fds=12 --io-fds=13 --dev-io-fd=14 --sync-chroot-fd=15]
I0803 22:25:42.902689       1 config.go:470] Platform: systrap
I0803 22:25:42.902693       1 config.go:471] RootDir: /run/runsc/runsc-root-V2025_12_01WithXattrFixAndCgroupv2UnifiedUrpc
I0803 22:25:42.902696       1 config.go:472] FileAccess: exclusive / Directfs: true / Overlay: root:self
I0803 22:25:42.902702       1 config.go:473] Network: sandbox
W0803 22:25:42.902706       1 config.go:478] --allow-suid is disabled, SUID/SGID bits on executables will be ignored.
I0803 22:25:42.902710       1 cli.go:200] **************** gVisor ****************
I0803 22:25:43.251019  2094325 sandbox.go:967] Control socket path: "/run/runsc/runsc-root-V2025_12_01WithXattrFixAndCgroupv2UnifiedUrpc/runsc-ta-01KZ4VPRX9CYRZ3DHWY13ZBD6R.sock"
I0803 22:25:43.251080  2094325 sandbox.go:1018] Sandbox will be started in new mount, IPC and UTS namespaces
I0803 22:25:43.251103  2094325 sandbox.go:1038] Sandbox will be started in the container's network namespace: {Type:network Path:}
I0803 22:25:43.251124  2094325 sandbox.go:1060] Sandbox will be started in container's user namespace: {Type:user Path:}
I0803 22:25:43.251139  2094325 namespace.go:198] Mapping host uid 0 to container uid 0 (size=1)
I0803 22:25:43.251146  2094325 namespace.go:198] Mapping host uid 100000 to container uid 1 (size=4294867295)
I0803 22:25:43.251150  2094325 namespace.go:206] Mapping host gid 0 to container gid 0 (size=1)
I0803 22:25:43.251175  2094325 namespace.go:206] Mapping host gid 100000 to container gid 1 (size=4294867295)
I0803 22:25:43.251264  2094325 sandbox.go:1097] Sandbox will be started in minimal chroot
I0803 22:25:43.251412       1 gofer.go:551] Mounting src: "/opt/container-etc-resolv.conf", dst: "/proc/fs/root/etc/resolv.conf", flags: 0x500f
I0803 22:25:43.251534       1 gofer.go:551] Mounting src: "/tmp/task-data/ta-01KZ4VPRX9CYRZ3DHWY13ZBD6R/dynamic_mounts", dst: "/proc/fs/root/__modal/mounts", flags: 0x5006
I0803 22:25:43.251697       1 gofer.go:551] Mounting src: "/tmp/task-data/ta-01KZ4VPRX9CYRZ3DHWY13ZBD6R/task-startup-timingsxPWcIg", dst: "/proc/fs/root/__modal/.task-startup", flags: 0x1007
I0803 22:25:43.252365       1 gofer.go:551] Mounting src: "/tmp/task-data/ta-01KZ4VPRX9CYRZ3DHWY13ZBD6R/container-argumentsxPFrSz", dst: "/proc/fs/root/__modal/.container-arguments", flags: 0x1007
I0803 22:25:43.252512       1 gofer.go:551] Mounting src: "/run/modal-ta-01KZ4VPRX9CYRZ3DHWY13ZBD6R-3767844616.sock", dst: "/proc/fs/root/run/modal.sock", flags: 0x100e
I0803 22:25:43.252696       1 gofer.go:551] Mounting src: "/var/tmp/.modal-special/.debug_shell", dst: "/proc/fs/root/__modal/.debug_shell", flags: 0x1007
I0803 22:25:43.252868       1 gofer.go:507] Remounting root as readonly: "/proc/fs/root"
I0803 22:25:43.255557  2094325 sandbox.go:1323] Sandbox started, PID: 2094412
I0803 22:25:43.256007       1 capability.go:66] Capabilities applied: { effective="chown, dac_override, dac_read_search, fowner, fsetid, setgid, setuid, sys_chroot" permitted="chown, dac_override, dac_read_search, fowner, fsetid, setgid, setuid, sys_chroot" inheritable="chown, dac_override, dac_read_search, fowner, fsetid, sys_chroot" bounding="chown, dac_override, dac_read_search, fowner, fsetid, setgid, setuid, sys_chroot" }
I0803 22:25:43.256047       1 cmd.go:93] Execve "/proc/self/exe" again, bye!
I0803 22:25:43.267318       1 cli.go:188] **************** gVisor ****************
I0803 22:25:43.267349       1 cli.go:189] Version release-20251118.0-5-g5401954d88bb, go1.24.1, amd64, 93 CPUs, linux, PID 1, PPID 0, UID 0, GID 0
I0803 22:25:43.267356       1 cli.go:191] Args: [runsc-sandbox --net-disconnect-ok=true --host-uds=all --platform=systrap --directfs=true --nvproxy-allowed-driver-capabilities=all --restore-spec-validation=ignore --control-rpc-stop-timeout=0s --root=/run/runsc/runsc-root-V2025_12_01WithXattrFixAndCgroupv2UnifiedUrpc --debug-log=/tmp/runsc-logs/ta-01KZ4VPRX9CYRZ3DHWY13ZBD6R-consolidated-log.txt --overlay2=root:self --cpu-num-from-quota=true --pod-init-config=/tmp/.tmpvmgowL/pod-init.json --nvproxy=true --nvproxy-docker=true --debug-log-fd=3 boot --bundle=/tmp/.tmpvmgowL --gofer-mount-confs=lisafs:self,lisafs:none,lisafs:none,lisafs:none,lisafs:none,lisafs:none,lisafs:none --nvidia-driver-version=580.95.05 --apply-caps=true --setup-root --total-host-memory 1977856425984 --cpu-num 17 --total-memory 1099511627776 --attached --io-fds=4 --io-fds=5 --io-fds=6 --io-fds=7 --io-fds=8 --io-fds=9 --io-fds=10 --dev-io-fd=11 --gofer-filestore-fds=12 --mounts-fd=13 --start-sync-fd=14 --controller-fd=15 --spec-fd=16 --pod-init-config-fd=17 --sink-fds=18 --stdio-fds=19 --stdio-fds=20 --stdio-fds=21 ta-01KZ4VPRX9CYRZ3DHWY13ZBD6R]
I0803 22:25:43.267372       1 config.go:470] Platform: systrap
I0803 22:25:43.267376       1 config.go:471] RootDir: /run/runsc/runsc-root-V2025_12_01WithXattrFixAndCgroupv2UnifiedUrpc
I0803 22:25:43.267380       1 config.go:472] FileAccess: exclusive / Directfs: true / Overlay: root:self
I0803 22:25:43.267385       1 config.go:473] Network: sandbox
W0803 22:25:43.267389       1 config.go:478] --allow-suid is disabled, SUID/SGID bits on executables will be ignored.
I0803 22:25:43.267393       1 cli.go:200] **************** gVisor ****************
I0803 22:25:43.267847       1 boot.go:291] Setting product_name: "Google Compute Engine"
I0803 22:25:43.267885       1 boot.go:302] Setting host-thp-shmem-enabled: "always"
I0803 22:25:43.267904       1 boot.go:312] Setting host-thp-defrag: "madvise"
I0803 22:25:43.269060       1 chroot.go:162] Setting up sandbox chroot in "/tmp"
I0803 22:25:43.269401       1 chroot.go:37] Mounting "proc" at "/tmp/proc/sandbox-proc"
I0803 22:25:43.271959       1 cli.go:188] **************** gVisor ****************
I0803 22:25:43.271984       1 cli.go:189] Version release-20251118.0-5-g5401954d88bb, go1.24.1, amd64, 93 CPUs, linux, PID 1, PPID 0, UID 0, GID 0
I0803 22:25:43.271991       1 cli.go:191] Args: [runsc-gofer --debug-log=/tmp/runsc-logs/ta-01KZ4VPRX9CYRZ3DHWY13ZBD6R-consolidated-log.txt --host-uds=all --platform=systrap --cpu-num-from-quota=true --pod-init-config=/tmp/.tmpvmgowL/pod-init.json --directfs=true --nvproxy-docker=true --nvproxy-allowed-driver-capabilities=all --root=/run/runsc/runsc-root-V2025_12_01WithXattrFixAndCgroupv2UnifiedUrpc --overlay2=root:self --nvproxy=true --net-disconnect-ok=true --restore-spec-validation=ignore --control-rpc-stop-timeout=0s --debug-log-fd=3 gofer --bundle=/tmp/.tmpvmgowL --dev-io-fd=14 --gofer-mount-confs=lisafs:self,lisafs:none,lisafs:none,lisafs:none,lisafs:none,lisafs:none,lisafs:none --io-fds=7,8,9,10,11,12,13 --mounts-fd=5 --rpc-fd=6 --spec-fd=4 --sync-chroot-fd=-1 --setup-root=false --sync-userns-fd=-1 --proc-mount-sync-fd=21 --apply-caps=false]
I0803 22:25:43.272006       1 config.go:470] Platform: systrap
I0803 22:25:43.272010       1 config.go:471] RootDir: /run/runsc/runsc-root-V2025_12_01WithXattrFixAndCgroupv2UnifiedUrpc
I0803 22:25:43.272014       1 config.go:472] FileAccess: exclusive / Directfs: true / Overlay: root:self
I0803 22:25:43.272019       1 config.go:473] Network: sandbox
W0803 22:25:43.272023       1 config.go:478] --allow-suid is disabled, SUID/SGID bits on executables will be ignored.
I0803 22:25:43.272027       1 cli.go:200] **************** gVisor ****************
I0803 22:25:43.272254       1 capability.go:66] Capabilities applied: { effective="chown, dac_override, dac_read_search, fowner, fsetid, sys_ptrace" permitted="chown, dac_override, dac_read_search, fowner, fsetid, sys_ptrace" inheritable="empty" bounding="chown, dac_override, dac_read_search, fowner, fsetid, sys_ptrace" }
I0803 22:25:43.272282       1 cmd.go:93] Execve "/proc/self/exe" again, bye!
I0803 22:25:43.273561       1 gofer.go:280] Process chroot'd to "/root"
W0803 22:25:43.273581       1 filter.go:73] *** SECCOMP WARNING: host UDS enabled: syscall filters less restrictive!
I0803 22:25:43.273594       1 seccomp.go:61] Installing seccomp filters for 57 syscalls (action=kill process)
I0803 22:25:43.278274       1 seccomp.go:89] Seccomp filters installed.
I0803 22:25:43.278310       1 gofer.go:339] Serving "/" mapped to "/root" on FD 7 (ro: true)
I0803 22:25:43.278321       1 gofer.go:368] Serving "/etc/resolv.conf" mapped on FD 8 (ro: true)
I0803 22:25:43.278332       1 gofer.go:368] Serving "/__modal/mounts" mapped on FD 9 (ro: false)
I0803 22:25:43.278338       1 gofer.go:368] Serving "/__modal/.task-startup" mapped on FD 10 (ro: true)
I0803 22:25:43.278344       1 gofer.go:368] Serving "/__modal/.container-arguments" mapped on FD 11 (ro: true)
I0803 22:25:43.278350       1 gofer.go:368] Serving "/run/modal.sock" mapped on FD 12 (ro: false)
I0803 22:25:43.278358       1 gofer.go:368] Serving "/__modal/.debug_shell" mapped on FD 13 (ro: true)
I0803 22:25:43.278365       1 gofer.go:380] Serving /dev mapped on FD 14 (ro: false)
I0803 22:25:43.292001       1 cli.go:188] **************** gVisor ****************
I0803 22:25:43.292025       1 cli.go:189] Version release-20251118.0-5-g5401954d88bb, go1.24.1, amd64, 93 CPUs, linux, PID 1, PPID 0, UID 0, GID 0
I0803 22:25:43.292031       1 cli.go:191] Args: [runsc-sandbox --net-disconnect-ok=true --host-uds=all --platform=systrap --directfs=true --nvproxy-allowed-driver-capabilities=all --restore-spec-validation=ignore --control-rpc-stop-timeout=0s --root=/run/runsc/runsc-root-V2025_12_01WithXattrFixAndCgroupv2UnifiedUrpc --debug-log=/tmp/runsc-logs/ta-01KZ4VPRX9CYRZ3DHWY13ZBD6R-consolidated-log.txt --overlay2=root:self --cpu-num-from-quota=true --pod-init-config=/tmp/.tmpvmgowL/pod-init.json --nvproxy=true --nvproxy-docker=true --debug-log-fd=3 boot --apply-caps=false --attached=true --bundle=/tmp/.tmpvmgowL --controller-fd=15 --cpu-num=17 --dev-io-fd=11 --gofer-filestore-fds=12 --gofer-mount-confs=lisafs:self,lisafs:none,lisafs:none,lisafs:none,lisafs:none,lisafs:none,lisafs:none --io-fds=4,5,6,7,8,9,10 --mounts-fd=13 --nvidia-driver-version=580.95.05 --pod-init-config-fd=17 --setup-root=false --sink-fds=18 --spec-fd=16 --start-sync-fd=14 --stdio-fds=19,20,21 --total-host-memory=1977856425984 --total-memory=1099511627776 --proc-mount-sync-fd=27 --product-name=Google Compute Engine --host-thp-shmem-enabled=always --host-thp-defrag=madvise ta-01KZ4VPRX9CYRZ3DHWY13ZBD6R]
I0803 22:25:43.292047       1 config.go:470] Platform: systrap
I0803 22:25:43.292050       1 config.go:471] RootDir: /run/runsc/runsc-root-V2025_12_01WithXattrFixAndCgroupv2UnifiedUrpc
I0803 22:25:43.292057       1 config.go:472] FileAccess: exclusive / Directfs: true / Overlay: root:self
I0803 22:25:43.292078       1 config.go:473] Network: sandbox
W0803 22:25:43.292082       1 config.go:478] --allow-suid is disabled, SUID/SGID bits on executables will be ignored.
I0803 22:25:43.292086       1 cli.go:200] **************** gVisor ****************
I0803 22:25:43.296112       1 loader.go:507] CPUs: 17
I0803 22:25:43.312092       1 loader.go:880] Platform: systrap
I0803 22:25:43.314938       1 loader.go:930] Enabling application huge pages: host shmem_enabled is "always"
I0803 22:25:43.315550       1 loader.go:636] Setting total memory to 1024.00 GB
I0803 22:25:43.315716       1 nvproxy.go:43] NVIDIA driver version: 580.95.05
I0803 22:25:43.315847       1 loader.go:703] Packet logging disabled
I0803 22:25:43.315859       1 watchdog.go:176] Watchdog waiting 30s for startup
I0803 22:25:43.398959  2094325 hook.go:77] Skipping nvidia-container-runtime-hook
I0803 22:25:43.399227  2094325 hostsettings.go:326] Host setting "/sys/kernel/mm/transparent_hugepage/shmem_enabled" is optimal
I0803 22:25:43.399295  2094325 hostsettings.go:326] Host setting "/proc/sys/user/max_user_namespaces" is optimal
I0803 22:25:43.399309  2094325 hostsettings.go:326] Host setting "/proc/sys/kernel/unprivileged_userns_clone" is optimal
I0803 22:25:43.399316  2094325 hostsettings.go:326] Host setting "/proc/sys/kernel/unprivileged_userns_apparmor_policy" is optimal
W0803 22:25:43.399322  2094325 hostsettings.go:46] Host setting "/sys/kernel/mm/transparent_hugepage/defrag" (currently: "always defer defer+madvise [madvise] never") is not optimal (disabling direct compaction improves page fault latency when hugepages are not immediately available); it is recommended to change it to "never"
W0803 22:25:43.399334  2094325 hostsettings.go:46] Host setting "/proc/sys/vm/max_map_count" (currently: "1048480") is not optimal (increasing max_map_count decreases the likelihood of host VMA exhaustion); it is recommended to change it to "4194304"
I0803 22:25:43.399411  2094325 network.go:56] Setting up network
I0803 22:25:43.399420  2094325 namespace.go:108] Applying namespace network at path "/proc/2094412/ns/net"
I0803 22:25:43.403074       1 network.go:304] Enabling loopback interface "lo" with id 1 on addresses [127.0.0.1/8]
I0803 22:25:43.403228       1 network.go:358] gso max size is: 65536
I0803 22:25:43.403616       1 network.go:398] Enabling FIFO QDisc on "eth0"
I0803 22:25:43.403860       1 network.go:402] Enabling interface "eth0" with id 2 on addresses [172.20.3.8/16] (f6:3e:41:96:3a:b3) w/ 1 channels
I0803 22:25:43.404059       1 network.go:544] Setting routes [127.0.0.0/8 nic 1 172.20.0.0/16 nic 2 0.0.0.0/0 via 172.20.0.1 nic 2]
I0803 22:25:43.404436  2094325 namespace.go:129] Restoring namespace network
I0803 22:25:43.404629       1 timing.go:439] Timer for Restore: Starting.
I0803 22:25:43.409831       1 loader.go:930] Enabling application huge pages: host shmem_enabled is "always"
I0803 22:25:43.409929       1 controller.go:638] Restoring a total of 1 containers
I0803 22:25:43.410280       1 restore.go:155] Restored container 1 of 1
I0803 22:25:43.410295       1 restore.go:178] Starting to restore 1 containers
I0803 22:25:43.410303       1 loader.go:880] Platform: systrap
I0803 22:25:43.410322       1 kernel_restore.go:318] Loading metadata for main MemoryFile: 0xc000652008
I0803 22:25:43.410343       1 watchdog.go:199] Starting watchdog, period: 45s, timeout: 3m0s, action: logWarning
W0803 22:25:43.411989       1 filter.go:40] *** SECCOMP WARNING: host filesystem enabled: syscall filters less restrictive!
W0803 22:25:43.411999       1 filter.go:40] *** SECCOMP WARNING: Nvidia GPU driver proxy enabled: syscall filters less restrictive!
I0803 22:25:43.413020       1 save_restore.go:737] MemoryFile(0xc000652008): loaded metadata in 2.640863ms
I0803 22:25:43.413113       1 kernel.go:864] CPUID load took [189.19Âµs].
I0803 22:25:43.413464       1 save_restore.go:894] MemoryFile(0xc000652008): loaded page file offsets in 382.665Âµs; async loading 832856064 bytes
I0803 22:25:43.413563       1 kernel_restore.go:331] Loading metadata for 1 private MemoryFiles
I0803 22:25:43.413940       1 save_restore.go:737] MemoryFile(0xc000884008): loaded metadata in 98.719Âµs
I0803 22:25:43.414559       1 save_restore.go:894] MemoryFile(0xc000884008): loaded page file offsets in 1.895Âµs; async loading 5623808 bytes
I0803 22:25:43.414675       1 kernel_restore.go:340] All MemoryFile metadata has been loaded
I0803 22:25:43.607344       1 save_restore.go:1593] Async page loading completed in 194ms (838479872 bytes, 4318.248 MB/s); 0 waiters waited 0s~0s for 0 bytes
I0803 22:25:43.608436       1 kernel_restore.go:350] All MemoryFile pages have been loaded.
I0803 22:25:43.630642       1 kernel.go:880] Kernel load stats:
           total |    count |              per | type
-----------------+----------+------------------+----------------
    147.820621ms |        1 |     147.820621ms | state.default
     13.565743ms |      178 |         76.212Âµs | pkg/sentry/fsimpl/gofer.dentry
      4.172168ms |      736 |          5.668Âµs | pkg/sentry/fsimpl/kernfs.slot
      3.798074ms |        9 |        422.008Âµs | pkg/sentry/kernel.TaskImage
      3.711014ms |      875 |          4.241Âµs | pkg/sentry/vfs.VirtualDentry
      3.536291ms |      265 |         13.344Âµs | pkg/sentry/vfs.registeredDevice
      3.052977ms |     1175 |          2.598Âµs | pkg/sentry/mm.vma
      2.399913ms |       12 |        199.992Âµs | pkg/sentry/vfs.registeredFilesystemType
      2.052063ms |     2299 |            892ns | pkg/sentry/memmap.MappingOfRange
      1.538227ms |      172 |          8.943Âµs | pkg/sentry/fsimpl/overlay.dentry
      1.363472ms |     2816 |            484ns | pkg/sentry/fsimpl/lock.LockSet
      1.311623ms |    12384 |            105ns | pkg/atomicbitops.Uint32
      1.263542ms |      997 |          1.267Âµs | pkg/sentry/mm.pma
      1.121565ms |      533 |          2.104Âµs | pkg/sentry/fsimpl/kernfs.DynamicBytesFile
      1.069808ms |      584 |          1.831Âµs | pkg/sentry/fsimpl/tmpfs.dentry
        921.71Âµs |      258 |          3.572Âµs | pkg/sentry/fsimpl/proc.taskOwnedInode
       879.496Âµs |      440 |          1.998Âµs | pkg/sentry/vfs.FileDescription
       868.947Âµs |     1030 |            843ns | pkg/sentry/vfs.Dentry
       848.017Âµs |      861 |            984ns | pkg/sentry/vfs.LockFD
       838.442Âµs |       90 |          9.316Âµs | pkg/sentry/fsimpl/kernfs.Dentry
       779.279Âµs |     2816 |            276ns | pkg/sentry/fsimpl/lock.Locks
       767.848Âµs |     6145 |            124ns | pkg/atomicbitops.Int64
       685.742Âµs |      790 |            868ns | pkg/sentry/fsimpl/kernfs.InodeAttrs
       637.812Âµs |     1326 |            481ns | pkg/sentry/memmap.MappingFlatSegment
       622.728Âµs |     2848 |            218ns | pkg/waiter.Queue
       617.013Âµs |     1172 |            526ns | pkg/sentry/mm.vmaFlatSegment
       532.982Âµs |     2994 |            178ns | pkg/hostarch.AccessType
       466.292Âµs |      349 |          1.336Âµs | pkg/sentry/fsimpl/tmpfs.inode
        463.58Âµs |       90 |           5.15Âµs | pkg/sentry/fsimpl/kernfs.dentryEntry
        440.61Âµs |        3 |         146.87Âµs | pkg/sentry/mm.vmaSet
       435.409Âµs |        9 |         48.378Âµs | pkg/sentry/kernel.Task
        417.62Âµs |      178 |          2.346Âµs | pkg/sentry/fsimpl/gofer.inode
       416.247Âµs |     1408 |            295ns | pkg/sentry/vfs.FileLocks
        395.49Âµs |       86 |          4.598Âµs | pkg/sentry/fsimpl/tmpfs.directory
         381.6Âµs |     1962 |            194ns | pkg/atomicbitops.Uint64
        370.11Âµs |      592 |            625ns | pkg/sentry/memmap.MappingSet
       369.461Âµs |     2941 |            125ns | pkg/waiter.waiterList
       311.138Âµs |        1 |        311.138Âµs | pkg/sentry/kernel.Kernel
       295.588Âµs |       38 |          7.778Âµs | pkg/sentry/vfs.Mount
       284.392Âµs |        4 |         71.098Âµs | pkg/sentry/kernel.ThreadGroup
       283.966Âµs |     2316 |            122ns | pkg/hostarch.AddrRange
        269.15Âµs |      997 |            269ns | pkg/sentry/mm.pmaFlatSegment
       263.154Âµs |        9 |         29.239Âµs | pkg/sentry/arch.State
        260.66Âµs |     1208 |            215ns | pkg/sentry/fsimpl/overlay.layerDevNoAndIno
       249.564Âµs |       19 |         13.134Âµs | pkg/sentry/fsimpl/tmpfs.deviceFile
        246.92Âµs |     1472 |            167ns | pkg/sentry/fsimpl/kernfs.slotEntry
       244.763Âµs |        8 |         30.595Âµs | pkg/tcpip/stack.transportProtocolState
       235.697Âµs |      417 |            565ns | pkg/sentry/fsutil.FileRangeSet
       226.607Âµs |      205 |          1.105Âµs | pkg/sentry/fsimpl/overlay.regularFileFD
       214.086Âµs |        1 |        214.086Âµs | pkg/sentry/syscalls/linux.pollRestartBlock
        209.37Âµs |      534 |            392ns | pkg/sentry/fsimpl/gofer.dentryEntry
       206.591Âµs |        7 |         29.513Âµs | pkg/sentry/fsimpl/proc.fdSymlink
       201.807Âµs |     1381 |            146ns | pkg/sentry/fsimpl/overlay.layerDevNumber
       188.756Âµs |        5 |         37.751Âµs | pkg/sentry/socket/unix.Socket
       182.403Âµs |      239 |            763ns | pkg/sentry/fsimpl/tmpfs.regularFile
       176.553Âµs |        3 |         58.851Âµs | pkg/sentry/mm.MemoryManager
       172.788Âµs |     1527 |            113ns | pkg/sentry/vfs.Watches
       171.187Âµs |     1142 |            149ns | pkg/sentry/vfs.Dirent
       169.507Âµs |        5 |         33.901Âµs | pkg/sentry/socket/unix/transport.connectionedEndpoint
       167.929Âµs |     1077 |            155ns | pkg/sentry/fsimpl/tmpfs.dentryEntry
       143.169Âµs |      798 |            179ns | pkg/sentry/fsimpl/kernfs.InodeWatches
       137.584Âµs |      665 |            206ns | pkg/sentry/fsimpl/kernfs.InodeNotDirectory
       133.665Âµs |      172 |            777ns | pkg/sentry/fsimpl/tmpfs.dentryList
       131.955Âµs |      671 |            196ns | pkg/sentry/fsimpl/kernfs.InodeNoopRefCount
       129.237Âµs |       42 |          3.077Âµs | pkg/sentry/kernel.descriptor
       112.099Âµs |      178 |            629ns | pkg/sentry/fsimpl/gofer.inodePlatformFile
       111.725Âµs |       31 |          3.604Âµs | pkg/sentry/vfs.Filesystem
       111.004Âµs |      440 |            252ns | pkg/sentry/vfs.FileDescriptionRefs
       109.423Âµs |      133 |            822ns | pkg/sentry/fsimpl/kernfs.slotList
        108.96Âµs |       54 |          2.017Âµs | pkg/sentry/arch.AuxEntry
       104.366Âµs |       10 |         10.436Âµs | pkg/sentry/fsimpl/proc.taskInode
       102.453Âµs |      178 |            575ns | pkg/sentry/fsimpl/gofer.directfsInode
       101.982Âµs |        1 |        101.982Âµs | pkg/sentry/kernel/mq.Registry
        99.459Âµs |      478 |            208ns | pkg/sentry/fsutil.FileRangeFlatSegment
        96.137Âµs |      133 |            722ns | pkg/sentry/fsimpl/kernfs.OrderedChildren
        95.226Âµs |      356 |            267ns | pkg/sentry/fsimpl/gofer.dentryListElem
        93.716Âµs |      440 |            212ns | pkg/sentry/vfs.FileDescriptionOptions
        89.752Âµs |      181 |            495ns | pkg/sentry/fsutil.HostFileMapper
        88.319Âµs |      178 |            496ns | pkg/sentry/fsutil.DirtySet
        87.384Âµs |       18 |          4.854Âµs | pkg/abi/linux.PtraceRegs
        82.607Âµs |      806 |            102ns | pkg/sentry/fsimpl/kernfs.InodeFSOwned
        82.135Âµs |      349 |            235ns | pkg/sentry/fsimpl/tmpfs.inodeRefs
        78.071Âµs |      779 |            100ns | pkg/sentry/fsimpl/kernfs.InodeNotAnonymous
        77.562Âµs |      205 |            378ns | pkg/sentry/fsimpl/overlay.fileDescription
        75.945Âµs |      793 |             95ns | pkg/sentry/fsimpl/kernfs.InodeTemporary
        73.371Âµs |       49 |          1.497Âµs | pkg/sentry/kernel.Cgroup
        72.711Âµs |       53 |          1.371Âµs | pkg/sentry/fsimpl/sys.dir
        71.552Âµs |      205 |            349ns | pkg/sentry/fsimpl/gofer.fileDescription
        70.837Âµs |        9 |           7.87Âµs | pkg/sentry/kernel.taskNode
        70.095Âµs |      788 |             88ns | pkg/sentry/fsimpl/kernfs.InodeAlwaysValid
        68.371Âµs |      704 |             97ns | pkg/sentry/fsimpl/kernfs.InodeNotSymlink
        65.231Âµs |        2 |         32.615Âµs | pkg/tcpip/network/internal/fragmentation.Fragmentation
        65.028Âµs |       17 |          3.825Âµs | pkg/tcpip/transport/tcp.processor
        64.216Âµs |       10 |          6.421Âµs | pkg/sentry/fsimpl/proc.exeSymlink
        62.734Âµs |        2 |         31.367Âµs | pkg/tcpip/transport/icmp.protocol
        62.331Âµs |      530 |            117ns | pkg/sentry/vfs.RegisterDeviceOptions
        59.865Âµs |      644 |             92ns | pkg/sentry/fsimpl/kernfs.InodeNoStatFS
        59.105Âµs |       14 |          4.221Âµs | pkg/sentry/fsimpl/cgroupfs.cgroupProcsData
        58.153Âµs |        2 |         29.076Âµs | pkg/sentry/fsimpl/cgroupfs.deniedDevicesData
        58.017Âµs |        9 |          6.446Âµs | pkg/sentry/kernel.syscallTableInfo
        56.946Âµs |      181 |            314ns | pkg/sentry/fsutil.FrameRefSet
        56.197Âµs |       31 |          1.812Âµs | pkg/sentry/fsimpl/kernfs.StaticDirectory
        55.738Âµs |      178 |            313ns | pkg/sentry/fsimpl/gofer.inodeRefs
        55.644Âµs |        4 |         13.911Âµs | pkg/sentry/fsimpl/proc.subtasksInode
        53.581Âµs |       16 |          3.348Âµs | pkg/sentry/ktime.SyntheticTimer
        52.523Âµs |      205 |            256ns | pkg/sentry/fsimpl/gofer.regularFileFD
        52.438Âµs |       90 |            582ns | pkg/atomicbitops.Int32
        52.122Âµs |        1 |         52.122Âµs | pkg/sentry/kernel.PIDNamespace
        52.066Âµs |       65 |            801ns | pkg/sentry/fsimpl/cgroupfs.controllerFile
        49.296Âµs |      349 |            141ns | pkg/sentry/vfs/memxattr.SimpleExtendedAttributes
        49.242Âµs |        9 |          5.471Âµs | pkg/sentry/fsimpl/proc.mountsData
        47.995Âµs |        7 |          6.856Âµs | pkg/sentry/fsimpl/cgroupfs.filesystem
        47.586Âµs |      440 |            108ns | pkg/sentry/vfs.FileDescriptionDefaultImpl
        45.707Âµs |      133 |            343ns | pkg/sentry/fsimpl/proc.staticFile
        44.804Âµs |      256 |            175ns | pkg/sentry/devices/nvproxy.frontendDevice
        44.147Âµs |        1 |         44.147Âµs | pkg/sentry/kernel.CgroupRegistry
        43.594Âµs |       58 |            751ns | pkg/sentry/fsimpl/kernfs.StaticSymlink
        42.782Âµs |        4 |         10.695Âµs | pkg/sentry/kernel/auth.idMapSet
        41.346Âµs |       20 |          2.067Âµs | pkg/sentry/ktime.Setting
        39.708Âµs |      265 |            149ns | pkg/sentry/vfs.devTuple
        36.319Âµs |        2 |         18.159Âµs | pkg/sentry/kernel.SessionRefs
        36.182Âµs |        6 |           6.03Âµs | pkg/abi/linux.KernelTermios
        34.366Âµs |        1 |         34.366Âµs | pkg/tcpip/transport/tcp.protocol
        33.917Âµs |       15 |          2.261Âµs | pkg/sentry/fsimpl/kernfs.Filesystem
         33.84Âµs |        7 |          4.834Âµs | pkg/sentry/fsimpl/gofer.filesystem
        32.712Âµs |        5 |          6.542Âµs | pkg/sentry/socket/unix/transport.baseEndpoint
        31.597Âµs |      170 |            185ns | pkg/tcpip.StatCounter
        31.538Âµs |        3 |         10.512Âµs | pkg/sentry/mm.pmaSet
        30.416Âµs |      178 |            170ns | pkg/sentry/fsimpl/gofer.inoKey
         29.62Âµs |        5 |          5.924Âµs | pkg/sentry/fsimpl/nsfs.Inode
        27.954Âµs |        5 |           5.59Âµs | pkg/tcpip.SocketOptions
        27.915Âµs |        3 |          9.305Âµs | pkg/sentry/devices/nvproxy/nvconf.DriverVersion
        27.565Âµs |        2 |         13.782Âµs | pkg/sentry/kernel.Session
        27.054Âµs |        9 |          3.006Âµs | pkg/sentry/fsimpl/proc.netUDPData
        26.719Âµs |        5 |          5.343Âµs | pkg/bitmap.Bitmap
        26.479Âµs |      205 |            129ns | pkg/sentry/vfs.StaticData
        25.458Âµs |        9 |          2.828Âµs | pkg/sentry/fsimpl/proc.ioData
        24.329Âµs |       45 |            540ns | pkg/sentry/kernel.FDFlags
        24.276Âµs |        1 |         24.276Âµs | pkg/tcpip.Stats
        23.731Âµs |       20 |          1.186Âµs | pkg/sentry/fsimpl/cgroupfs.controllerCommon
        22.677Âµs |      142 |            159ns | pkg/sentry/fsimpl/gofer.savedDentryRW
        22.609Âµs |       14 |          1.614Âµs | pkg/sentry/fsimpl/cgroupfs.dir
        22.194Âµs |        1 |         22.194Âµs | pkg/tcpip/stack.Stack
        22.153Âµs |        9 |          2.461Âµs | pkg/sentry/fsimpl/proc.ifinet6
        21.419Âµs |        9 |          2.379Âµs | pkg/sentry/fsimpl/proc.fdInfoDirInode
        21.081Âµs |        1 |         21.081Âµs | pkg/sentry/inet.Namespace
        20.029Âµs |       38 |            527ns | pkg/sentry/vfs.mountEntry
         20.02Âµs |        7 |           2.86Âµs | pkg/sentry/fsimpl/tmpfs.filesystem
        19.807Âµs |       94 |            210ns | pkg/sentry/fsimpl/kernfs.InodeSymlink
        19.722Âµs |       69 |            285ns | pkg/sentry/fsimpl/sys.staticFile
        19.162Âµs |       31 |            618ns | pkg/sentry/vfs.FilesystemRefs
        19.138Âµs |        1 |         19.138Âµs | pkg/tcpip/transport/tcp.dispatcher
         18.72Âµs |       55 |            340ns | pkg/sentry/fsimpl/proc.namespaceSymlink
        18.664Âµs |        9 |          2.073Âµs | pkg/sentry/fsimpl/proc.fdDirInode
        18.481Âµs |        9 |          2.053Âµs | pkg/sentry/fsimpl/proc.netDevData
        18.378Âµs |        3 |          6.126Âµs | pkg/sentry/fsimpl/host.inode
        17.625Âµs |        4 |          4.406Âµs | pkg/sentry/ktime.SampledTimer
        16.662Âµs |      133 |            125ns | pkg/sentry/fsimpl/kernfs.InodeDirectoryNoNewChildren
        16.603Âµs |        1 |         16.603Âµs | pkg/sentry/vfs.VirtualFilesystem
        16.602Âµs |       53 |            313ns | pkg/sentry/fsimpl/sys.dirRefs
        16.599Âµs |       14 |          1.185Âµs | pkg/sentry/fsimpl/cgroupfs.cgroupInode
        15.437Âµs |        5 |          3.087Âµs | pkg/tcpip.LingerOption
        15.131Âµs |        9 |          1.681Âµs | pkg/sentry/fsimpl/proc.netSnmpData
        14.791Âµs |        9 |          1.643Âµs | pkg/sentry/fsimpl/proc.netRouteData
        14.668Âµs |        1 |         14.668Âµs | pkg/tcpip/network/ipv4.protocol
        14.656Âµs |       10 |          1.465Âµs | pkg/sentry/kernel/pipe.VFSPipeFD
         14.56Âµs |       14 |           1.04Âµs | pkg/sentry/fsimpl/cgroupfs.stubControllerFile
        14.534Âµs |        2 |          7.267Âµs | pkg/tcpip.ReceiveBufferSizeOption
        14.506Âµs |        1 |         14.506Âµs | pkg/sentry/socket/netlink/port.Manager
        14.438Âµs |        1 |         14.438Âµs | pkg/sentry/inet.abstractEndpoint
        13.575Âµs |       62 |            218ns | pkg/sentry/fsimpl/kernfs.GenericDirectoryFDOptions
        13.145Âµs |       13 |          1.011Âµs | pkg/sentry/usage.IO
        13.124Âµs |       26 |            504ns | pkg/sentry/ktime.syntheticTimerSet
        12.805Âµs |       82 |            156ns | pkg/cpuid.Out
        12.317Âµs |        1 |         12.317Âµs | pkg/tcpip.IPStats
         12.02Âµs |        4 |          3.005Âµs | pkg/sentry/socket/unix/transport.streamQueueReceiver
        11.979Âµs |       64 |            187ns | pkg/sentry/limits.Limit
        11.975Âµs |       10 |          1.197Âµs | pkg/sentry/fsimpl/proc.statusInode
         11.87Âµs |       26 |            456ns | pkg/sentry/ktime.SyntheticClock
        11.798Âµs |       81 |            145ns | pkg/cpuid.In
         11.77Âµs |       14 |            840ns | pkg/sentry/kernel.CgroupMount
        11.677Âµs |        4 |          2.919Âµs | pkg/sentry/kernel.threadGroupNode
        11.522Âµs |        9 |           1.28Âµs | pkg/sentry/fsimpl/proc.rootSymlink
        11.324Âµs |       69 |            164ns | pkg/sentry/fsimpl/proc.implStatFS
        11.038Âµs |       79 |            139ns | pkg/sentry/fsimpl/cgroupfs.implStatFS
        10.928Âµs |        9 |          1.214Âµs | pkg/sentry/kernel/auth.Credentials
        10.576Âµs |       31 |            341ns | pkg/sentry/fsimpl/kernfs.StaticDirectoryRefs
        10.455Âµs |        1 |         10.455Âµs | pkg/sentry/loader.VDSO
        10.309Âµs |        9 |          1.145Âµs | pkg/sentry/fsimpl/proc.memInode
        10.239Âµs |        9 |          1.137Âµs | pkg/sentry/fsimpl/proc.cwdSymlink
        10.082Âµs |        4 |           2.52Âµs | pkg/sentry/kernel.FDTable
          9.96Âµs |       37 |            269ns | pkg/abi/linux.SigAction
         9.871Âµs |       36 |            274ns | pkg/sentry/ktime.Time
          9.66Âµs |        9 |          1.073Âµs | pkg/sentry/arch.Context64
         9.655Âµs |        2 |          4.827Âµs | pkg/tcpip.ICMPv4PacketStats
         9.643Âµs |        9 |          1.071Âµs | pkg/sentry/kernel/auth.AtomicPtrCredentials
         9.641Âµs |        1 |          9.641Âµs | pkg/tcpip.TCPStats
         9.611Âµs |       18 |            533ns | pkg/sentry/fsimpl/proc.metadataData
         9.191Âµs |        3 |          3.063Âµs | pkg/sentry/fsimpl/sys.cpuFile
         9.118Âµs |       38 |            239ns | pkg/sentry/vfs.MountFlags
          9.11Âµs |        7 |          1.301Âµs | pkg/sentry/kernel.hierarchy
         9.027Âµs |        9 |          1.003Âµs | pkg/sentry/arch.Registers
         8.961Âµs |       18 |            497ns | pkg/sentry/fsimpl/proc.fdDir
         8.735Âµs |        1 |          8.735Âµs | pkg/tcpip/network/ipv6.Options
         8.658Âµs |        4 |          2.164Âµs | pkg/sentry/socket/unix/transport.connectedEndpoint
         8.655Âµs |        1 |          8.655Âµs | pkg/sentry/kernel.VDSOParamPage
         8.301Âµs |       14 |            592ns | pkg/sentry/fsimpl/gofer.dentryList
         7.939Âµs |        5 |          1.587Âµs | pkg/sentry/fsimpl/sockfs.inode
         7.928Âµs |       18 |            440ns | pkg/sentry/fsimpl/proc.idMapData
         7.883Âµs |        5 |          1.576Âµs | pkg/sentry/kernel/pipe.VFSPipe
         7.751Âµs |        4 |          1.937Âµs | pkg/sentry/limits.LimitSet
          7.75Âµs |       13 |            596ns | pkg/sentry/kernel.pendingSignals
          7.75Âµs |        2 |          3.875Âµs | pkg/tcpip.ICMPv6PacketStats
         7.728Âµs |       24 |            322ns | pkg/tcpip/stack.transportEndpoints
         7.632Âµs |        1 |          7.632Âµs | pkg/sentry/fsimpl/overlay.filesystem
          7.19Âµs |       10 |            719ns | pkg/sentry/fsimpl/proc.mapsData
         7.176Âµs |        2 |          3.588Âµs | pkg/sentry/vfs.epollInterest
         7.076Âµs |        4 |          1.769Âµs | pkg/sentry/socket/unix/transport.queue
         6.958Âµs |        4 |          1.739Âµs | pkg/sentry/fsimpl/eventfd.EventFileDescription
         6.792Âµs |        5 |          1.358Âµs | pkg/sentry/kernel/pipe.Pipe
         6.786Âµs |        1 |          6.786Âµs | pkg/tcpip.ICMPv6Stats
         6.762Âµs |        5 |          1.352Âµs | pkg/sentry/fsimpl/pipefs.inode
         6.734Âµs |       10 |            673ns | pkg/sentry/fsimpl/proc.taskInodeRefs
         6.372Âµs |        4 |          1.593Âµs | pkg/sentry/kernel.FSContext
          6.34Âµs |        1 |           6.34Âµs | pkg/sentry/vfs.MountNamespace
          6.27Âµs |       38 |            165ns | pkg/sentry/vfs.followerList
         6.268Âµs |        2 |          3.134Âµs | pkg/sentry/vfs.EpollInstance
         6.185Âµs |       18 |            343ns | pkg/sentry/fsimpl/proc.dynamicBytesFileSetAttr
         6.165Âµs |        4 |          1.541Âµs | pkg/sentry/kernel.FDTableRefs
         5.998Âµs |        9 |            666ns | pkg/sentry/fsimpl/proc.oomScoreAdj
         5.996Âµs |        3 |          1.998Âµs | pkg/sentry/kernel/ipc.Registry
         5.937Âµs |        9 |            659ns | pkg/sentry/fsimpl/proc.netTCP6Data
         5.921Âµs |        2 |           2.96Âµs | pkg/sentry/fsimpl/cgroupfs.cpuacctUsageSysData
         5.903Âµs |       38 |            155ns | pkg/sentry/vfs.followerEntry
         5.865Âµs |        2 |          2.932Âµs | pkg/sentry/fsimpl/cgroupfs.cpuController
         5.854Âµs |        1 |          5.854Âµs | pkg/tcpip/network/ipv6.protocol
         5.749Âµs |       23 |            249ns | pkg/sentry/fsimpl/kernfs.dentryList
         5.711Âµs |        1 |          5.711Âµs | pkg/tcpip.IPForwardingStats
         5.686Âµs |        1 |          5.686Âµs | pkg/tcpip.UDPStats
         5.682Âµs |        9 |            631ns | pkg/sentry/fsimpl/proc.commInode
         5.677Âµs |        2 |          2.838Âµs | pkg/sentry/socket/netstack.Stack
         5.629Âµs |        9 |            625ns | pkg/sentry/fsimpl/proc.taskStatData
         5.573Âµs |        9 |            619ns | pkg/sentry/fsimpl/proc.fdDirInodeRefs
         5.571Âµs |        1 |          5.571Âµs | pkg/tcpip.NICStats
         5.558Âµs |        7 |            794ns | pkg/sentry/fsimpl/gofer.filesystemOptions
         5.431Âµs |        2 |          2.715Âµs | pkg/tcpip.Job
           5.4Âµs |        1 |            5.4Âµs | pkg/tcpip.ICMPv6SentPacketStats
         5.371Âµs |       14 |            383ns | pkg/sentry/fsimpl/cgroupfs.tasksData
          5.36Âµs |        8 |            670ns | pkg/sentry/kernel/auth.idMapFlatSegment
         5.333Âµs |       24 |            222ns | pkg/sentry/vfs.RegisterFilesystemTypeOptions
         5.306Âµs |        5 |          1.061Âµs | pkg/sentry/fsimpl/tmpfs.regularFileFD
         5.282Âµs |        9 |            586ns | pkg/abi/linux.SignalStack
         5.174Âµs |        2 |          2.587Âµs | pkg/sentry/fsimpl/cgroupfs.staticControllerFile
          5.11Âµs |        2 |          2.555Âµs | pkg/sentry/kernel.ProcessGroupRefs
         5.048Âµs |        9 |            560ns | pkg/sentry/fsimpl/proc.netTCPData
         5.021Âµs |        2 |           2.51Âµs | pkg/sentry/fsimpl/cgroupfs.cpuacctController
         4.995Âµs |        2 |          2.497Âµs | pkg/tcpip.IGMPPacketStats
         4.963Âµs |        1 |          4.963Âµs | pkg/sentry/fsimpl/devpts.rootInode
         4.817Âµs |       17 |            283ns | pkg/tcpip/transport/tcp.epQueue
          4.76Âµs |        9 |            528ns | pkg/sentry/fsimpl/proc.statmData
         4.716Âµs |        1 |          4.716Âµs | pkg/tcpip.ICMPv4SentPacketStats
         4.704Âµs |        9 |            522ns | pkg/sentry/fsimpl/proc.auxvData
         4.651Âµs |        4 |          1.162Âµs | pkg/sentry/kernel.SignalHandlers
         4.601Âµs |        1 |          4.601Âµs | pkg/sentry/vfs.anonFilesystem
         4.574Âµs |        1 |          4.574Âµs | pkg/tcpip.ARPStats
         4.519Âµs |        2 |          2.259Âµs | pkg/tcpip/network/internal/multicast.RouteTable
         4.463Âµs |        9 |            495ns | pkg/sentry/fsimpl/proc.netStatData
         4.462Âµs |       17 |            262ns | pkg/tcpip/transport/tcp.endpointList
         4.421Âµs |        6 |            736ns | pkg/sentry/memmap.FileRange
         4.417Âµs |        9 |            490ns | pkg/sentry/fsimpl/proc.commData
         4.355Âµs |        7 |            622ns | pkg/sentry/fsimpl/gofer.dentryCache
         4.346Âµs |        8 |            543ns | pkg/sentry/usage.CPUStats
         4.287Âµs |        3 |          1.429Âµs | pkg/tcpip.NICPacketStats
         4.258Âµs |        2 |          2.129Âµs | pkg/sentry/fsimpl/proc.tcpMemData
          4.23Âµs |        9 |            470ns | pkg/sentry/fsimpl/proc.limitsData
         4.214Âµs |        9 |            468ns | pkg/sentry/fsimpl/proc.netUnixData
          4.21Âµs |        2 |          2.105Âµs | pkg/sentry/fsimpl/cgroupfs.cpusetController
         4.176Âµs |        1 |          4.176Âµs | pkg/sentry/fsimpl/host.filesystemType
         4.165Âµs |        2 |          2.082Âµs | pkg/sentry/kernel.ProcessGroup
         4.162Âµs |        3 |          1.387Âµs | pkg/sentry/fsimpl/kernfs.CachedMappable
         4.158Âµs |        9 |            462ns | pkg/sentry/fsimpl/proc.fdInfoDirInodeRefs
         4.156Âµs |        9 |            461ns | pkg/sentry/fsimpl/proc.mountInfoData
         4.155Âµs |        4 |          1.038Âµs | pkg/sentry/kernel.OldRSeqCriticalRegion
         4.143Âµs |        9 |            460ns | pkg/sentry/kernel.ptraceOptions
         4.127Âµs |        1 |          4.127Âµs | pkg/sentry/fsimpl/mqfs.rootInode
         4.068Âµs |        1 |          4.068Âµs | pkg/tcpip/stack.ICMPRateLimiter
         4.056Âµs |        2 |          2.028Âµs | runsc/boot.sandboxNetstackCreator
         4.034Âµs |        1 |          4.034Âµs | pkg/sentry/fsimpl/proc.tasksInode
         3.983Âµs |       16 |            248ns | pkg/sentry/ktime.syntheticTimerEntry
          3.98Âµs |        6 |            663ns | pkg/sentry/vfs.anonDentry
         3.909Âµs |        7 |            558ns | pkg/sentry/fsimpl/gofer.InternalFilesystemOptions
         3.879Âµs |        9 |            431ns | pkg/sentry/fsimpl/proc.taskCgroupData
         3.807Âµs |        5 |            761ns | pkg/sentry/fsimpl/tmpfs.fileDescription
          3.79Âµs |       19 |            199ns | pkg/sentry/fsimpl/kernfs.InodeAnonymous
          3.78Âµs |        9 |            420ns | pkg/sentry/kernel.taskEntry
         3.736Âµs |        2 |          1.868Âµs | pkg/waiter.Entry
         3.728Âµs |        4 |            932ns | pkg/sentry/vfs.epollInterestKey
         3.723Âµs |        2 |          1.861Âµs | pkg/sentry/fsimpl/cgroupfs.memoryController
          3.61Âµs |        3 |          1.203Âµs | pkg/sentry/mm.aioManager
         3.581Âµs |        6 |            596ns | pkg/sentry/fsimpl/proc.childrenData
         3.576Âµs |        2 |          1.788Âµs | pkg/sentry/fsimpl/cgroupfs.cpuacctStatData
         3.558Âµs |        3 |          1.186Âµs | pkg/sentry/fsimpl/host.fileDescription
         3.557Âµs |        9 |            395ns | pkg/sentry/fsimpl/proc.smapsData
         3.546Âµs |        1 |          3.546Âµs | pkg/sentry/fsimpl/devpts.masterInode
         3.491Âµs |        2 |          1.745Âµs | pkg/sentry/kernel.timekeeperClock
          3.36Âµs |        1 |           3.36Âµs | pkg/sentry/kernel.IPCNamespace
         3.352Âµs |        4 |            838ns | pkg/sentry/kernel.FSContextRefs
         3.323Âµs |        2 |          1.661Âµs | pkg/sentry/fsimpl/cgroupfs.pidsController
         3.314Âµs |        1 |          3.314Âµs | pkg/sentry/kernel/auth.UserNamespace
         3.252Âµs |        4 |            813ns | pkg/sentry/kernel/futex.Manager
         3.237Âµs |        4 |            809ns | pkg/sentry/fsimpl/cgroupfs.memoryCgroup
         3.233Âµs |        1 |          3.233Âµs | pkg/tcpip.ICMPStats
         3.232Âµs |        8 |            404ns | pkg/sentry/socket/unix/transport.messageList
         3.228Âµs |       15 |            215ns | pkg/tcpip/stack.protocolIDs
         3.217Âµs |       22 |            146ns | pkg/sentry/vfs.DentryMetadataFileDescriptionImpl
         3.205Âµs |        4 |            801ns | pkg/sentry/loader.elfProgHeader
         3.137Âµs |        2 |          1.568Âµs | pkg/sentry/fsimpl/devtmpfs.FilesystemType
         3.093Âµs |        2 |          1.546Âµs | pkg/sentry/fsimpl/cgroupfs.devicesController
          3.05Âµs |        1 |           3.05Âµs | pkg/sentry/fsimpl/proc.staticFileSetStat
         3.025Âµs |        4 |            756ns | pkg/sentry/fsimpl/proc.subtasksInodeRefs
         3.009Âµs |        1 |          3.009Âµs | pkg/sentry/kernel.Timekeeper
         3.009Âµs |        4 |            752ns | pkg/sentry/vfs.epollInterestEntry
          2.99Âµs |        2 |          1.495Âµs | pkg/sentry/fsimpl/cgroupfs.jobController
         2.876Âµs |        5 |            575ns | pkg/sentry/fsimpl/nsfs.inodeRefs
         2.872Âµs |        1 |          2.872Âµs | pkg/sentry/fsimpl/proc.selfSymlink
         2.805Âµs |        1 |          2.805Âµs | pkg/sentry/devices/memdev.nullFD
         2.782Âµs |        5 |            556ns | pkg/sentry/fsimpl/tmpfs.symlink
         2.775Âµs |        2 |          1.387Âµs | pkg/sentry/mm.SpecialMappable
         2.753Âµs |        1 |          2.753Âµs | pkg/sentry/fsimpl/proc.atomicInt32File
         2.744Âµs |       10 |            274ns | pkg/sentry/kernel.SocketRecord
         2.742Âµs |        1 |          2.742Âµs | pkg/sentry/fsimpl/proc.tcpRecoveryData
         2.728Âµs |        1 |          2.728Âµs | pkg/tcpip.ICMPv4Stats
         2.678Âµs |        1 |          2.678Âµs | pkg/tcpip/network/arp.protocol
         2.661Âµs |       10 |            266ns | pkg/sentry/vfs.RestoreID
          2.61Âµs |        4 |            652ns | pkg/sentry/kernel.taskList
         2.599Âµs |        3 |            866ns | pkg/sentry/fsimpl/kernfs.inodePlatformFile
         2.596Âµs |        1 |          2.596Âµs | pkg/sentry/fsimpl/proc.ipForwarding
         2.584Âµs |        1 |          2.584Âµs | pkg/tcpip.IGMPStats
         2.545Âµs |        4 |            636ns | pkg/tcpip/network/internal/multicast.Config
         2.508Âµs |        3 |            836ns | pkg/sentry/socket/control.scmCredentials
         2.496Âµs |        2 |          1.248Âµs | pkg/sentry/inet.AbstractSocketNamespace
         2.476Âµs |        1 |          2.476Âµs | pkg/sentry/fsimpl/sys.filesystem
         2.416Âµs |        1 |          2.416Âµs | pkg/tcpip.IGMPSentPacketStats
           2.4Âµs |        1 |            2.4Âµs | pkg/sentry/fsimpl/proc.portRange
         2.356Âµs |        2 |          1.178Âµs | pkg/sentry/fsimpl/cgroupfs.controlledDevicesData
         2.346Âµs |        5 |            469ns | pkg/sentry/socket/unix.socketRefs
         2.318Âµs |        1 |          2.318Âµs | pkg/sentry/kernel.TaskSet
         2.315Âµs |        5 |            463ns | pkg/atomicbitops.Bool
         2.301Âµs |        4 |            575ns | pkg/sentry/socket/unix/transport.queueRefs
         2.298Âµs |        1 |          2.298Âµs | pkg/sentry/fsimpl/proc.tcpSackData
         2.297Âµs |        2 |          1.148Âµs | pkg/sentry/fsimpl/cgroupfs.cpuacctCgroup
         2.273Âµs |        3 |            757ns | pkg/sentry/arch.MmapLayout
         2.273Âµs |        1 |          2.273Âµs | pkg/cpuid.FeatureSet
          2.27Âµs |        4 |            567ns | pkg/sentry/socket/unix/transport.queueReceiver
         2.249Âµs |        1 |          2.249Âµs | pkg/sentry/fsimpl/overlay.FilesystemOptions
         2.216Âµs |        2 |          1.108Âµs | pkg/sentry/kernel.sessionList
         2.174Âµs |        4 |            543ns | pkg/sentry/kernel.itimerRealListener
         2.165Âµs |        1 |          2.165Âµs | pkg/tcpip/network/ipv6.protocolMu
         2.135Âµs |        1 |          2.135Âµs | pkg/tcpip/transport/udp.protocol
         2.111Âµs |        1 |          2.111Âµs | pkg/sentry/devices/nvproxy.nvproxy
         2.087Âµs |        8 |            260ns | pkg/sentry/vfs.NoLockFD
         2.064Âµs |        1 |          2.064Âµs | pkg/tcpip.IGMPReceivedPacketStats
          2.03Âµs |        2 |          1.015Âµs | pkg/sentry/fsimpl/cgroupfs.memsData
         2.017Âµs |        5 |            403ns | pkg/sentry/socket.SendReceiveTimeout
         2.008Âµs |        2 |          1.004Âµs | pkg/sentry/kernel.processGroupList
         1.969Âµs |        2 |            984ns | pkg/sentry/fsimpl/cgroupfs.memoryUsageInBytesData
         1.948Âµs |        4 |            487ns | pkg/sentry/kernel.rlimitCPUSoftListener
         1.922Âµs |        2 |            961ns | pkg/sentry/fsimpl/cgroupfs.pidsCurrentData
          1.92Âµs |        1 |           1.92Âµs | pkg/sentry/kernel.UTSNamespace
         1.915Âµs |        1 |          1.915Âµs | pkg/tcpip/stack.transportDemuxer
         1.862Âµs |        2 |            931ns | pkg/tcpip.IntegralStatCounterMap
          1.86Âµs |        1 |           1.86Âµs | pkg/sentry/kernel/shm.Registry
         1.827Âµs |        4 |            456ns | pkg/sentry/vfs.epollInterestList
          1.81Âµs |        4 |            452ns | pkg/sentry/kernel.sessionEntry
         1.796Âµs |        1 |          1.796Âµs | pkg/sentry/kernel/semaphore.Registry
         1.789Âµs |        1 |          1.789Âµs | pkg/sentry/fsimpl/pipefs.filesystem
         1.775Âµs |        3 |            591ns | pkg/sentry/fsimpl/host.inodeRefs
         1.763Âµs |        1 |          1.763Âµs | pkg/sentry/fsimpl/mqfs.RegistryImpl
         1.743Âµs |        1 |          1.743Âµs | pkg/sentry/fsimpl/proc.mmapMinAddrData
          1.74Âµs |        1 |           1.74Âµs | pkg/sentry/fsimpl/host.filesystem
         1.724Âµs |        2 |            862ns | pkg/sentry/fsimpl/cgroupfs.cpuacctUsageData
         1.698Âµs |        1 |          1.698Âµs | pkg/tcpip/network/ipv4.Options
         1.696Âµs |        4 |            424ns | pkg/sentry/kernel.itimerVirtListener
         1.694Âµs |        7 |            242ns | pkg/sentry/fsimpl/gofer.specialFDList
         1.667Âµs |        3 |            555ns | pkg/sentry/fsimpl/host.virtualOwner
         1.659Âµs |        2 |            829ns | pkg/tcpip/network/internal/fragmentation.reassemblerList
         1.654Âµs |        2 |            827ns | pkg/sentry/fsimpl/cgroupfs.cpuacctUsageUserData
         1.637Âµs |        4 |            409ns | pkg/sentry/kernel.processGroupEntry
         1.622Âµs |        3 |            540ns | pkg/sentry/fsimpl/sys.implStatFS
         1.616Âµs |        5 |            323ns | pkg/tcpip.sockErrorList
         1.597Âµs |        1 |          1.597Âµs | pkg/sentry/fsimpl/sys.cgroupDir
         1.596Âµs |        2 |            798ns | pkg/sentry/mm.SpecialMappableRefs
          1.57Âµs |        1 |           1.57Âµs | pkg/sentry/fsimpl/proc.meminfoData
         1.567Âµs |        1 |          1.567Âµs | pkg/sentry/fsimpl/nsfs.filesystem
         1.513Âµs |        1 |          1.513Âµs | pkg/sentry/fsimpl/proc.yamaPtraceScope
          1.51Âµs |        1 |           1.51Âµs | pkg/sentry/fsimpl/devpts.filesystem
         1.469Âµs |        1 |          1.469Âµs | pkg/sentry/fsimpl/mqfs.filesystem
          1.46Âµs |        1 |           1.46Âµs | pkg/sentry/fsimpl/devpts.FilesystemType
         1.453Âµs |        1 |          1.453Âµs | pkg/sentry/kernel/msgqueue.Registry
         1.445Âµs |        4 |            361ns | pkg/sentry/socket/unix/transport.ControlMessages
         1.437Âµs |        4 |            359ns | pkg/sentry/socket/unix/transport.Address
         1.405Âµs |        7 |            200ns | pkg/sentry/fsimpl/gofer.directfsOpts
         1.401Âµs |        2 |            700ns | pkg/sentry/fsimpl/devpts.implStatFS
         1.388Âµs |        1 |          1.388Âµs | pkg/tcpip.NICNeighborStats
         1.384Âµs |        1 |          1.384Âµs | pkg/tcpip/ports.PortManager
          1.37Âµs |        2 |            685ns | pkg/sentry/fsimpl/cgroupfs.allowedDevicesData
         1.368Âµs |        1 |          1.368Âµs | pkg/tcpip.TCPReceiveBufferSizeRangeOption
         1.367Âµs |        1 |          1.367Âµs | pkg/sentry/fsimpl/proc.filesystem
         1.355Âµs |        4 |            338ns | pkg/sentry/kernel.rlimitCPUHardListener
         1.344Âµs |        4 |            336ns | pkg/sentry/kernel.itimerProfListener
         1.302Âµs |        1 |          1.302Âµs | pkg/sentry/fsimpl/proc.cmdLineData
         1.283Âµs |        1 |          1.283Âµs | pkg/tcpip/network/ipv6.MLDOptions
         1.269Âµs |        2 |            634ns | pkg/sentry/fsimpl/cgroupfs.cpusData
          1.25Âµs |        1 |           1.25Âµs | pkg/sentry/fsimpl/proc.uptimeData
         1.223Âµs |        1 |          1.223Âµs | pkg/tcpip.ICMPv6ReceivedPacketStats
          1.22Âµs |        1 |           1.22Âµs | pkg/sentry/fsimpl/proc.hostnameData
         1.209Âµs |        1 |          1.209Âµs | pkg/tcpip.TCPSendBufferSizeRangeOption
         1.191Âµs |        1 |          1.191Âµs | pkg/sentry/fsimpl/sockfs.filesystem
         1.177Âµs |        1 |          1.177Âµs | pkg/sentry/inet.McastTable
         1.172Âµs |        1 |          1.172Âµs | pkg/sentry/fsimpl/proc.sentryMeminfoData
         1.163Âµs |        1 |          1.163Âµs | pkg/sentry/fsimpl/mqfs.rootInodeRefs
         1.155Âµs |        2 |            577ns | pkg/tcpip/transport/tcp.jenkinsHasher
         1.147Âµs |        1 |          1.147Âµs | pkg/sentry/fsimpl/overlay.FilesystemType
         1.101Âµs |        1 |          1.101Âµs | pkg/sentry/socket/unix/transport.UnixSocketOpts
         1.089Âµs |        1 |          1.089Âµs | pkg/sentry/fsimpl/pipefs.filesystemType
         1.083Âµs |        1 |          1.083Âµs | pkg/tcpip/network/ipv6.NDPConfigurations
         1.078Âµs |        1 |          1.078Âµs | pkg/sentry/fsimpl/proc.statData
         1.072Âµs |        1 |          1.072Âµs | pkg/sentry/fsimpl/proc.loadavgData
          1.06Âµs |        1 |           1.06Âµs | pkg/sentry/kernel/auth.KeySet
         1.016Âµs |        1 |          1.016Âµs | pkg/sentry/kernel.syslog
           986ns |        1 |            986ns | pkg/sentry/fsimpl/proc.cgroupsData
           980ns |        1 |            980ns | pkg/sentry/devices/memdev.fullDevice
           961ns |        1 |            961ns | pkg/sentry/fsimpl/proc.versionData
           946ns |        1 |            946ns | pkg/sentry/fsimpl/proc.filesystemsData
           919ns |        1 |            919ns | pkg/sentry/fsimpl/proc.tasksInodeRefs
           911ns |        1 |            911ns | pkg/sentry/devices/nvproxy.uvmDevice
           887ns |        1 |            887ns | pkg/sentry/devices/memdev.zeroDevice
           881ns |        1 |            881ns | pkg/tcpip/stack.NUDConfigurations
           878ns |        1 |            878ns | pkg/sentry/fsimpl/cgroupfs.pidsMaxData
           871ns |        1 |            871ns | pkg/sentry/fsimpl/erofs.FilesystemType
           859ns |        1 |            859ns | pkg/sentry/kernel.CheckpointWaitable
           858ns |        2 |            429ns | pkg/tcpip.jobInstance
           851ns |        1 |            851ns | pkg/sentry/vfs.anonFilesystemType
           827ns |        1 |            827ns | pkg/tcpip/network/ipv4.IGMPOptions
           820ns |        2 |            410ns | pkg/sentry/devices/memdev.randomDevice
           773ns |        1 |            773ns | pkg/sentry/kernel.UserCounters
           741ns |        1 |            741ns | pkg/sentry/fsimpl/tmpfs.FilesystemType
           734ns |        3 |            244ns | pkg/tcpip/stack.DADConfigurations
           728ns |        1 |            728ns | pkg/sentry/devices/ttydev.ttyDevice
           723ns |        1 |            723ns | pkg/sentry/fsimpl/devpts.rootInodeRefs
           719ns |        1 |            719ns | pkg/sentry/fsimpl/mqfs.FilesystemType
           710ns |        1 |            710ns | pkg/sentry/fsimpl/sockfs.filesystemType
           706ns |        1 |            706ns | pkg/sentry/kernel.CheckpointGeneration
           680ns |        1 |            680ns | pkg/tcpip.ICMPv4ReceivedPacketStats
           672ns |        1 |            672ns | pkg/tcpip.SendBufferSizeOption
           670ns |        1 |            670ns | pkg/sentry/fsimpl/proc.FilesystemType
           668ns |        1 |            668ns | pkg/tcpip/network/ipv6.OpaqueInterfaceIdentifierOptions
           661ns |        2 |            330ns | pkg/waiter.waiterEntry
           645ns |        1 |            645ns | pkg/sentry/kernel/futex.bucket
           643ns |        1 |            643ns | pkg/sentry/fsimpl/fuse.fuseDevice
           620ns |        1 |            620ns | pkg/sentry/devices/tundev.tunDevice
           618ns |        1 |            618ns | pkg/sentry/fsimpl/cgroupfs.FilesystemType
           605ns |        1 |            605ns | pkg/sentry/fsimpl/sys.FilesystemType
           599ns |        1 |            599ns | pkg/sentry/kernel.pidNamespaceData
           587ns |        1 |            587ns | pkg/sentry/fsimpl/fuse.FilesystemType
           586ns |        1 |            586ns | pkg/sentry/kernel.SpecialOpts
           580ns |        1 |            580ns | pkg/sentry/fsimpl/dev.FilesystemType
           505ns |        1 |            505ns | pkg/tcpip/network/arp.Options
           488ns |        1 |            488ns | pkg/sentry/fsimpl/nsfs.filesystemType
           450ns |        1 |            450ns | pkg/sentry/fsimpl/gofer.FilesystemType
           448ns |        1 |            448ns | pkg/cpuid.hwCap
           420ns |        1 |            420ns | pkg/sentry/devices/memdev.nullDevice
           376ns |        1 |            376ns | pkg/tcpip/transport/raw.EndpointFactory
-----------------+----------+------------------+----------------
    217.036252ms |    80767 |          2.687Âµs | [all]
I0803 22:25:43.630714       1 kernel.go:881] Kernel load took [217.570415ms].
I0803 22:25:43.630735       1 kernel.go:913] netstack save restore is enabled
I0803 22:25:43.638702       1 kernel.go:930] Overall load took [225.777145ms] after async work
I0803 22:25:43.638731       1 watchdog.go:176] Watchdog waiting 3m0s for startup
I0803 22:25:43.638741       1 watchdog.go:215] Stopping watchdog
I0803 22:25:43.638749       1 watchdog.go:219] Watchdog stopped
I0803 22:25:43.639457       1 loader.go:1105] Process should have started...
I0803 22:25:43.639505       1 watchdog.go:199] Starting watchdog, period: 45s, timeout: 3m0s, action: logWarning
I0803 22:25:43.639699       1 restore.go:393] Restore successful
I0803 22:25:43.639703       1 timing.go:547] Timer for Restore: Root timeline ended, but 1 child timelines are still running...
I0803 22:25:43.639736       1 timing.go:587] Timer for Restore: All child timelines have ended.
I0803 22:25:43.639914       1 timing.go:866] ---- Restore timing information ----
[22:25:43.266411]	                       	â•­â”€ Restore
[22:25:43.291824]	 +25 413Âµs â–‰â–ˆ          	â”œâ”€ re-exec: 25 413Âµs
[22:25:43.404639]	+112 816Âµs â–‰â–‰â–‰â–‰â–‰â–‰â–‰â–‰    	â”œâ”€ cm.Restore RPC: 112 816Âµs
[22:25:43.404641]	      +0Âµs             	â”œâ”€ cm.l.mu.Lock: 0Âµs
[22:25:43.409921]	  +5 280Âµs â–           	â”œâ”€ forked: 5 280Âµs          	â•­â”€ PagesFileLoader
[22:25:43.409926]	      +4Âµs             	â”œâ”€ restorer ok: 4Âµs         	â”‚ ... 4Âµs ...
[22:25:43.409928]	      +2Âµs             	â”œâ”€ kernel paused: 2Âµs       	â”‚ ... 6Âµs ...
[22:25:43.409943]	     +15Âµs             	â”‚ ... 15Âµs ...              	â”œâ”€ forked: 22Âµs                       	â•­â”€ async page loading
[22:25:43.410278]	    +334Âµs             	â”œâ”€ forked: 350Âµs            	â”‚ ... 334Âµs ...                       	â”‚ ... 334Âµs ...                       	â•­â”€ cont:root
[22:25:43.410279]	      +1Âµs             	â”‚ ... 1Âµs ...               	â”‚ ... 336Âµs ...                       	â”‚ ... 336Âµs ...                       	â”œâ”€ restorer locked: 1Âµs
[22:25:43.410280]	      +0Âµs             	â”‚ ... 1Âµs ...               	â”‚ ... 336Âµs ...                       	â”‚ ... 336Âµs ...                       	â•°â”€ END 0Âµs, total 1Âµs
[22:25:43.410301]	     +21Âµs             	â”œâ”€ specs validated: 22Âµs    	â”‚ ... 357Âµs ...                       	â”‚ ... 357Âµs ...
[22:25:43.410301]	      +0Âµs             	â”œâ”€ netstack created: 0Âµs    	â”‚ ... 357Âµs ...                       	â”‚ ... 357Âµs ...
[22:25:43.410310]	      +9Âµs             	â”‚ ... 9Âµs ...               	â”œâ”€ loading mainMF: 367Âµs              	â”‚ ... 367Âµs ...
[22:25:43.410378]	     +67Âµs             	â”‚ ... 76Âµs ...              	â”œâ”€ forked: 67Âµs                       	â”‚ ... 434Âµs ...                       	â•­â”€ mf:0xc000652008
[22:25:43.412915]	  +2 536Âµs â–           	â”œâ”€ loading kernel: 2 613Âµs  	â”‚ ... 2 536Âµs ...                     	â”‚ ... 2 971Âµs ...                     	â”‚ ... 2 536Âµs ...
[22:25:43.413020]	    +104Âµs             	â”‚ ... 104Âµs ...             	â”‚ ... 2 641Âµs ...                     	â”‚ ... 3 076Âµs ...                     	â”œâ”€ metadata loaded: 2 641Âµs
[22:25:43.413061]	     +41Âµs             	â”‚ ... 146Âµs ...             	â”‚ ... 2 683Âµs ...                     	â”‚ ... 3 117Âµs ...                     	â”œâ”€ mmaped chunks: 41Âµs
[22:25:43.413166]	    +105Âµs             	â”‚ ... 251Âµs ...             	â”‚ ... 2 788Âµs ...                     	â”œâ”€ async page loading started: 3 222Âµs	â”‚ ... 105Âµs ...
[22:25:43.413558]	    +392Âµs             	â”‚ ... 643Âµs ...             	â”œâ”€ waiting for privateMF info: 3 180Âµs	â”‚ ... 392Âµs ...                       	â”‚ ... 497Âµs ...
[22:25:43.413560]	      +1Âµs             	â”‚ ... 645Âµs ...             	â”œâ”€ received privateMFs info: 1Âµs      	â”‚ ... 393Âµs ...                       	â”‚ ... 499Âµs ...
[22:25:43.413839]	    +279Âµs             	â”‚ ... 924Âµs ...             	â”œâ”€ forked: 279Âµs                      	â”‚ ... 673Âµs ...                       	â”‚ ... 778Âµs ...                  	â•­â”€ mf:0xc000884008
[22:25:43.413940]	    +100Âµs             	â”‚ ... 1 025Âµs ...           	â”‚ ... 100Âµs ...                       	â”‚ ... 773Âµs ...                       	â”‚ ... 878Âµs ...                  	â”œâ”€ metadata loaded: 100Âµs
[22:25:43.414078]	    +138Âµs             	â”‚ ... 1 163Âµs ...           	â”‚ ... 239Âµs ...                       	â”‚ ... 912Âµs ...                       	â”‚ ... 1 017Âµs ...                	â”œâ”€ mmaped chunks: 138Âµs
[22:25:43.414674]	    +595Âµs             	â”‚ ... 1 759Âµs ...           	â”œâ”€ metadata load done: 835Âµs          	â”‚ ... 1 508Âµs ...                     	â”‚ ... 1 613Âµs ...                	â”‚ ... 595Âµs ...
[22:25:43.583757]	+169 082Âµs â–‰â–‰â–‰â–‰â–‰â–‰â–‰â–‰â–‰â–‰â–‰â–‰	â”‚ ... 170 842Âµs ...         	â”‚ ... 169 082Âµs ...                   	â”‚ ... 170 591Âµs ...                   	â•°â”€ END 170 696Âµs, total 173 379Âµs	â”‚ ... 169 678Âµs ...
[22:25:43.607334]	 +23 576Âµs â–‰â–Š          	â”‚ ... 194 419Âµs ...         	â”‚ ... 192 659Âµs ...                   	â”‚ ... 194 167Âµs ...                   	                                 	â•°â”€ END 193 255Âµs, total 193 494Âµs
[22:25:43.608432]	  +1 097Âµs             	â”‚ ... 195 516Âµs ...         	â”‚ ... 193 757Âµs ...                   	â•°â”€ END 195 265Âµs, total 198 488Âµs
[22:25:43.608477]	     +45Âµs             	â”‚ ... 195 562Âµs ...         	â•°â”€ END 193 802Âµs, total 198 555Âµs
[22:25:43.638728]	 +30 251Âµs â–‰â–‰â–         	â”œâ”€ kernel loaded: 225 813Âµs
[22:25:43.638729]	      +0Âµs             	â”œâ”€ MF metadata loaded: 0Âµs
[22:25:43.638850]	    +121Âµs             	â”œâ”€ Starting sandbox: 121Âµs
[22:25:43.639607]	    +756Âµs             	â”œâ”€ forked: 756Âµs            	â•­â”€ postRestore
[22:25:43.639681]	     +73Âµs             	â”‚ ... 73Âµs ...              	â”œâ”€ scheduled: 73Âµs
[22:25:43.639690]	      +9Âµs             	â”‚ ... 83Âµs ...              	â”œâ”€ post restore done: 9Âµs
[22:25:43.639694]	      +3Âµs             	â”‚ ... 87Âµs ...              	â”œâ”€ kernel notified: 3Âµs
[22:25:43.639702]	      +7Âµs             	â•°â”€ END 94Âµs, total 373 290Âµs	â”‚ ... 7Âµs ...
[22:25:43.639706]	      +4Âµs             	                            	â•°â”€ END 11Âµs, total 98Âµs
---- End of Restore timing information ----

I0803 22:25:43.659484       1 compat.go:120] Unsupported syscall rseq(0x2af31a95b060,0x20,0x0,0x53053053,0x0,0x0). It is likely that you can safely ignore this message and that this is not the cause of any error. Please, refer to https://gvisor.dev/c/linux/amd64/rseq for more information.
W0803 22:25:43.669980       1 frontend.go:76] [  29:  29] nvproxy: failed to open nvidia0: no such file or directory
W0803 22:25:43.670040       1 frontend.go:76] [  29:  29] nvproxy: failed to open nvidia0: no such file or directory
W0803 22:25:43.670344       1 frontend.go:76] [  29:  29] nvproxy: failed to open nvidia2: no such file or directory
W0803 22:25:43.670400       1 frontend.go:76] [  29:  29] nvproxy: failed to open nvidia2: no such file or directory
W0803 22:25:43.670512       1 frontend.go:76] [  29:  29] nvproxy: failed to open nvidia3: no such file or directory
W0803 22:25:43.670535       1 frontend.go:76] [  29:  29] nvproxy: failed to open nvidia3: no such file or directory
W0803 22:25:43.670616       1 frontend.go:76] [  29:  29] nvproxy: failed to open nvidia4: no such file or directory
W0803 22:25:43.670643       1 frontend.go:76] [  29:  29] nvproxy: failed to open nvidia4: no such file or directory
W0803 22:25:43.670752       1 frontend.go:76] [  29:  29] nvproxy: failed to open nvidia5: no such file or directory
W0803 22:25:43.670775       1 frontend.go:76] [  29:  29] nvproxy: failed to open nvidia5: no such file or directory
W0803 22:25:43.670851       1 frontend.go:76] [  29:  29] nvproxy: failed to open nvidia6: no such file or directory
W0803 22:25:43.670881       1 frontend.go:76] [  29:  29] nvproxy: failed to open nvidia6: no such file or directory
W0803 22:25:43.670990       1 frontend.go:76] [  29:  29] nvproxy: failed to open nvidia7: no such file or directory
W0803 22:25:43.671014       1 frontend.go:76] [  29:  29] nvproxy: failed to open nvidia7: no such file or directory
I0803 22:25:43.671172       1 object.go:260] [  29:  29] nvproxy: freeing object with unknown handle 0xc1d18c3d:0x5c000002
W0803 22:25:43.671323       1 frontend.go:76] [  29:  29] nvproxy: failed to open nvidia0: no such file or directory
W0803 22:25:43.671336       1 frontend.go:76] [  29:  29] nvproxy: failed to open nvidia0: no such file or directory
I0803 22:25:43.671376       1 object.go:260] [  29:  29] nvproxy: freeing object with unknown handle 0xc1d18c3d:0x5c000003
I0803 22:25:43.689646       1 object.go:260] [  29:  29] nvproxy: freeing object with unknown handle 0xc1d18c3d:0x5c00000c
W0803 22:25:43.689811       1 frontend.go:76] [  29:  29] nvproxy: failed to open nvidia2: no such file or directory
W0803 22:25:43.689825       1 frontend.go:76] [  29:  29] nvproxy: failed to open nvidia2: no such file or directory
I0803 22:25:43.689883       1 object.go:260] [  29:  29] nvproxy: freeing object with unknown handle 0xc1d18c3d:0x5c00000d
W0803 22:25:43.690166       1 frontend.go:76] [  29:  29] nvproxy: failed to open nvidia3: no such file or directory
W0803 22:25:43.690219       1 frontend.go:76] [  29:  29] nvproxy: failed to open nvidia3: no such file or directory
I0803 22:25:43.690293       1 object.go:260] [  29:  29] nvproxy: freeing object with unknown handle 0xc1d18c3d:0x5c00000e
W0803 22:25:43.690426       1 frontend.go:76] [  29:  29] nvproxy: failed to open nvidia4: no such file or directory
W0803 22:25:43.690436       1 frontend.go:76] [  29:  29] nvproxy: failed to open nvidia4: no such file or directory
I0803 22:25:43.690495       1 object.go:260] [  29:  29] nvproxy: freeing object with unknown handle 0xc1d18c3d:0x5c00000f
W0803 22:25:43.690779       1 frontend.go:76] [  29:  29] nvproxy: failed to open nvidia5: no such file or directory
W0803 22:25:43.690814       1 frontend.go:76] [  29:  29] nvproxy: failed to open nvidia5: no such file or directory
I0803 22:25:43.690942       1 object.go:260] [  29:  29] nvproxy: freeing object with unknown handle 0xc1d18c3d:0x5c000010
W0803 22:25:43.691260       1 frontend.go:76] [  29:  29] nvproxy: failed to open nvidia6: no such file or directory
W0803 22:25:43.691277       1 frontend.go:76] [  29:  29] nvproxy: failed to open nvidia6: no such file or directory
I0803 22:25:43.691352       1 object.go:260] [  29:  29] nvproxy: freeing object with unknown handle 0xc1d18c3d:0x5c000011
W0803 22:25:43.691633       1 frontend.go:76] [  29:  29] nvproxy: failed to open nvidia7: no such file or directory
W0803 22:25:43.691695       1 frontend.go:76] [  29:  29] nvproxy: failed to open nvidia7: no such file or directory
W0803 22:25:43.703744       1 frontend.go:76] [   2:   5] nvproxy: failed to open nvidia0: no such file or directory
W0803 22:25:43.703787       1 frontend.go:76] [   2:   5] nvproxy: failed to open nvidia0: no such file or directory
W0803 22:25:43.704074       1 frontend.go:76] [   2:   5] nvproxy: failed to open nvidia5: no such file or directory
W0803 22:25:43.704087       1 frontend.go:76] [   2:   5] nvproxy: failed to open nvidia5: no such file or directory
W0803 22:25:43.709455       1 frontend.go:76] [   2:   5] nvproxy: failed to open nvidia4: no such file or directory
W0803 22:25:43.709474       1 frontend.go:76] [   2:   5] nvproxy: failed to open nvidia4: no such file or directory
W0803 22:25:43.709607       1 frontend.go:76] [   2:   5] nvproxy: failed to open nvidia6: no such file or directory
W0803 22:25:43.709621       1 frontend.go:76] [   2:   5] nvproxy: failed to open nvidia6: no such file or directory
W0803 22:25:43.709712       1 frontend.go:76] [   2:   5] nvproxy: failed to open nvidia2: no such file or directory
W0803 22:25:43.709721       1 frontend.go:76] [   2:   5] nvproxy: failed to open nvidia2: no such file or directory
W0803 22:25:43.709869       1 frontend.go:76] [   2:   5] nvproxy: failed to open nvidia7: no such file or directory
W0803 22:25:43.709877       1 frontend.go:76] [   2:   5] nvproxy: failed to open nvidia7: no such file or directory
W0803 22:25:43.709977       1 frontend.go:76] [   2:   5] nvproxy: failed to open nvidia3: no such file or directory
W0803 22:25:43.709985       1 frontend.go:76] [   2:   5] nvproxy: failed to open nvidia3: no such file or directory
I0803 22:25:44.225971       1 boot.go:616] application exiting with exit status 139
I0803 22:25:44.226103       1 watchdog.go:215] Stopping watchdog
I0803 22:25:44.226128       1 watchdog.go:219] Watchdog stopped
I0803 22:25:44.226489       1 cli.go:220] Exiting with status: 35584
I0803 22:25:44.226506       1 gofer.go:392] All lisafs servers exited.
I0803 22:25:44.226554       1 cli.go:220] Exiting with status: 0
I0803 22:25:44.229682  2094325 container.go:623] Gofer process (PID=2094354) reaped: exit code = 0
I0803 22:25:44.244279  2094325 cli.go:220] Exiting with status: 35584
